group,d_full,d_kappa,d_isr
r90,2.990363597869873,2.7732315063476562,2.1510536670684814
r180,2.4277193546295166,0.9098712801933289,3.4827167987823486
r270,1.9872690439224243,3.2163219451904297,4.722118377685547
flip_h,2.5533058643341064,1.6863141059875488,1.6942604780197144
flip_h_r90,3.699105978012085,4.589949131011963,2.8323216438293457
flip_h_r180,0.8866001963615417,1.1707348823547363,0.7732273936271667
flip_h_r270,3.8737354278564453,1.580315351486206,2.148052215576172
r90,1.5534265041351318,1.4602316617965698,1.3087217807769775
r180,1.6035295724868774,1.2502915859222412,2.7424893379211426
r270,1.3923496007919312,1.0432096719741821,0.9664859175682068
flip_h,1.0694987773895264,1.9241586923599243,2.965428590774536
flip_h_r90,0.4685080647468567,1.8366636037826538,0.9454697966575623
flip_h_r180,1.0221641063690186,4.0813093185424805,2.4917819499969482
flip_h_r270,1.279908299446106,1.5325192213058472,2.2627079486846924
r90,2.115990400314331,1.4760513305664062,1.1742931604385376
r180,0.5829594731330872,1.5959433317184448,1.9098485708236694
r270,4.542700290679932,0.3131121098995209,1.3513034582138062
flip_h,1.0460693836212158,1.0631649494171143,1.7049975395202637
flip_h_r90,3.4194533824920654,0.16690662503242493,2.127948045730591
flip_h_r180,2.6467931270599365,2.056499719619751,3.712057113647461
flip_h_r270,4.807060241699219,1.264034628868103,0.799839437007904
r90,3.7057945728302,3.527618885040283,3.5268774032592773
r180,0.8129501342773438,2.818101644515991,6.62316370010376
r270,6.340428352355957,3.1631903648376465,8.0637845993042
flip_h,2.2042133808135986,2.037846803665161,8.592952728271484
flip_h_r90,1.7409796714782715,4.179022789001465,5.185702800750732
flip_h_r180,5.285238265991211,2.5422439575195312,2.037396192550659
flip_h_r270,8.434711456298828,2.3934733867645264,4.02250862121582
r90,6.475609302520752,5.317707538604736,7.855382919311523
r180,2.9378607273101807,7.3306708335876465,3.3986518383026123
r270,8.22773551940918,8.527087211608887,6.840433120727539
flip_h,2.0748581886291504,1.3398206233978271,1.7243131399154663
flip_h_r90,7.344856262207031,6.875804424285889,9.091381072998047
flip_h_r180,0.8134556412696838,1.3971420526504517,1.119517207145691
flip_h_r270,9.675987243652344,5.712546348571777,7.975457668304443
r90,6.41938591003418,5.045736312866211,5.256489276885986
r180,1.5870885848999023,7.426722526550293,7.212338924407959
r270,4.896928787231445,3.2727277278900146,3.628232479095459
flip_h,1.9684957265853882,0.5972026586532593,0.7179821729660034
flip_h_r90,5.167947292327881,4.140917778015137,4.554467678070068
flip_h_r180,1.652522325515747,7.034461498260498,8.449666976928711
flip_h_r270,3.8858189582824707,2.8307852745056152,4.192007541656494
r90,2.4203851222991943,4.844272613525391,5.279478549957275
r180,2.2524521350860596,1.7284044027328491,2.9422037601470947
r270,3.8282508850097656,2.858593463897705,5.829952716827393
flip_h,1.5770231485366821,7.91079568862915,5.264303207397461
flip_h_r90,0.9669502973556519,1.966537594795227,3.4086830615997314
flip_h_r180,2.0645437240600586,5.833231449127197,4.391253471374512
flip_h_r270,3.888939380645752,3.5590269565582275,4.455294132232666
r90,4.5058746337890625,5.429257392883301,5.959347724914551
r180,2.6027188301086426,5.712234020233154,7.158806324005127
r270,2.3294410705566406,5.954652309417725,4.439241886138916
flip_h,3.7418482303619385,7.902745723724365,6.5327301025390625
flip_h_r90,3.2851686477661133,6.483087539672852,5.377946376800537
flip_h_r180,5.01346492767334,8.466634750366211,4.9261651039123535
flip_h_r270,3.076749086380005,5.817969799041748,6.008749485015869
r90,6.4028472900390625,6.01942253112793,6.024980068206787
r180,1.7616496086120605,2.0527966022491455,1.2739315032958984
r270,6.5890350341796875,3.0607824325561523,6.287553787231445
flip_h,1.4141559600830078,2.660335063934326,1.8741772174835205
flip_h_r90,5.2144455909729,4.851131916046143,8.706024169921875
flip_h_r180,1.9487817287445068,1.3352376222610474,0.5771203637123108
flip_h_r270,8.252391815185547,5.3999834060668945,6.109179973602295
r90,4.494228839874268,0.5616028904914856,3.9730443954467773
r180,0.9596969485282898,0.3979242742061615,0.8388155102729797
r270,1.9806560277938843,0.25455549359321594,0.9856528043746948
flip_h,1.2885271310806274,0.41928085684776306,1.3431051969528198
flip_h_r90,2.9073305130004883,0.31052303314208984,1.8994431495666504
flip_h_r180,2.222526788711548,0.37462395429611206,0.15691673755645752
flip_h_r270,7.133139133453369,0.2535601854324341,3.084562301635742
r90,2.2349042892456055,0.3772232234477997,2.497490644454956
r180,0.33178073167800903,0.6074600219726562,1.5286880731582642
r270,4.481230735778809,0.5794890522956848,1.2516802549362183
flip_h,0.021055443212389946,0.7957305312156677,0.6919869780540466
flip_h_r90,4.24105978012085,0.3496291935443878,2.3289928436279297
flip_h_r180,0.6348238587379456,2.3210999965667725,0.892661988735199
flip_h_r270,3.972907543182373,4.82615327835083,5.390364170074463
r90,1.616694688796997,2.483196258544922,0.30501610040664673
r180,2.716193675994873,1.7018686532974243,2.9303054809570312
r270,1.4897346496582031,2.5744876861572266,1.60537850856781
flip_h,1.488046407699585,2.5745575428009033,3.429572820663452
flip_h_r90,1.365036129951477,2.0203890800476074,1.4966009855270386
flip_h_r180,1.1315191984176636,2.2523233890533447,1.6795717477798462
flip_h_r270,1.442323923110962,2.3085217475891113,1.187469720840454
r90,2.73457670211792,0.42950257658958435,2.82560396194458
r180,1.0530949831008911,2.2224388122558594,3.21161150932312
r270,1.1926928758621216,1.3213305473327637,1.4334704875946045
flip_h,2.4578614234924316,0.5141634941101074,1.15244460105896
flip_h_r90,2.3323471546173096,2.65575909614563,2.824427604675293
flip_h_r180,4.540550231933594,1.2421811819076538,1.196951150894165
flip_h_r270,0.9608293175697327,5.015987873077393,0.7518508434295654
r90,2.7165896892547607,1.144758701324463,0.7577881813049316
r180,0.7063679695129395,0.8610154390335083,1.3573124408721924
r270,3.032550811767578,0.9937928915023804,0.3436276912689209
flip_h,1.2840170860290527,0.5022731423377991,0.43071702122688293
flip_h_r90,3.091069221496582,0.7611914277076721,0.2949354946613312
flip_h_r180,0.8143632411956787,1.210344910621643,1.7453354597091675
flip_h_r270,2.414281129837036,1.3654392957687378,1.3080482482910156
r90,3.647139310836792,2.0540833473205566,3.690112829208374
r180,1.3653907775878906,1.3535696268081665,2.1414899826049805
r270,9.55707836151123,4.701508522033691,8.79362964630127
flip_h,0.32818666100502014,1.7158197164535522,1.4373215436935425
flip_h_r90,6.962244987487793,1.8282618522644043,3.3582911491394043
flip_h_r180,0.8593562841415405,1.1227681636810303,1.89458167552948
flip_h_r270,9.159782409667969,5.378690242767334,6.1133551597595215
r90,5.315700531005859,2.4089715480804443,5.3331193923950195
r180,0.777180016040802,4.333327293395996,4.223086357116699
r270,4.7245354652404785,0.7271251082420349,5.700968265533447
flip_h,1.5965218544006348,1.7291193008422852,2.1911091804504395
flip_h_r90,5.706439018249512,0.22461341321468353,3.699155807495117
flip_h_r180,0.8741169571876526,2.6180577278137207,4.217782497406006
flip_h_r270,4.249973773956299,2.7003557682037354,5.046969890594482
r90,0.96357661485672,1.9162309169769287,2.0365045070648193
r180,0.7220162749290466,2.058220863342285,2.3271894454956055
r270,0.977785050868988,3.090329170227051,2.8582067489624023
flip_h,2.3264424800872803,1.6003086566925049,1.4098789691925049
flip_h_r90,1.583638072013855,3.2717559337615967,3.1479718685150146
flip_h_r180,1.7554736137390137,2.6057381629943848,2.003950357437134
flip_h_r270,0.36110928654670715,2.019697427749634,2.7696011066436768
r90,3.947646379470825,5.4429731369018555,2.942833185195923
r180,1.3452237844467163,2.2684357166290283,3.300696611404419
r270,1.7436466217041016,5.874608039855957,4.899920463562012
flip_h,4.184833526611328,3.534688949584961,1.910279631614685
flip_h_r90,3.7853567600250244,3.5702950954437256,4.643702507019043
flip_h_r180,1.3494826555252075,5.7838568687438965,4.389387130737305
flip_h_r270,3.4282467365264893,5.593600273132324,5.494359493255615
r90,5.167308807373047,7.547947883605957,6.060154914855957
r180,1.62808358669281,5.859518051147461,5.784242153167725
r270,6.009002208709717,6.325705051422119,6.3507399559021
flip_h,1.8059028387069702,0.2909480035305023,1.2281956672668457
flip_h_r90,4.9460978507995605,8.347806930541992,7.674220085144043
flip_h_r180,0.8093979358673096,5.392258644104004,5.924633502960205
flip_h_r270,4.463531970977783,4.629845142364502,5.95141077041626
r90,6.397139549255371,5.407258033752441,3.5780117511749268
r180,5.678769111633301,3.154268741607666,3.527514934539795
r270,6.905372619628906,3.908271312713623,5.221075057983398
flip_h,3.1987428665161133,4.232398986816406,4.279247760772705
flip_h_r90,5.16216516494751,0.8736581206321716,4.996396064758301
flip_h_r180,5.545248508453369,2.9368505477905273,3.3561460971832275
flip_h_r270,5.318296432495117,6.009068489074707,3.6762356758117676
r90,1.8981043100357056,4.812774181365967,5.058431625366211
r180,1.9097927808761597,3.164297103881836,2.6272172927856445
r270,1.8410799503326416,2.92472767829895,2.318464756011963
flip_h,1.1295381784439087,2.32269287109375,1.1427037715911865
flip_h_r90,4.048305034637451,3.633296489715576,3.699284791946411
flip_h_r180,0.9366744756698608,4.487288475036621,4.055088996887207
flip_h_r270,3.447113513946533,0.538902997970581,1.6814862489700317
r90,5.465656757354736,5.885024547576904,7.096745014190674
r180,3.9347994327545166,7.195902347564697,9.02515983581543
r270,5.651139259338379,5.917695045471191,7.029140472412109
flip_h,4.7553839683532715,6.323625564575195,3.4589617252349854
flip_h_r90,3.429551839828491,2.6636412143707275,4.015165328979492
flip_h_r180,4.870885848999023,4.980725288391113,6.017879009246826
flip_h_r270,5.5986785888671875,6.055187702178955,9.648249626159668
r90,2.4027938842773438,0.2620471715927124,0.3853417932987213
r180,3.3285775184631348,1.1522897481918335,3.3694844245910645
r270,6.107857704162598,2.744554042816162,0.7928653359413147
flip_h,4.03708028793335,1.4860217571258545,1.7592567205429077
flip_h_r90,1.9931950569152832,4.8919358253479,2.0436930656433105
flip_h_r180,3.155585765838623,0.25514230132102966,2.0205790996551514
flip_h_r270,4.616232872009277,1.0324786901474,1.0278348922729492
r90,2.160855770111084,2.8333261013031006,3.7210402488708496
r180,1.7369052171707153,3.2446541786193848,5.22721004486084
r270,0.9716324210166931,2.258474588394165,5.175632953643799
flip_h,1.5721566677093506,2.1801540851593018,8.3338623046875
flip_h_r90,0.8587495684623718,1.6550763845443726,2.000920534133911
flip_h_r180,3.5535695552825928,3.095142126083374,5.069436073303223
flip_h_r270,1.0628013610839844,7.47019624710083,3.7027416229248047
r90,1.3887296915054321,1.1204725503921509,2.4839558601379395
r180,4.066317558288574,6.581812858581543,6.297560214996338
r270,2.3769450187683105,4.396320819854736,2.019214153289795
flip_h,1.2896318435668945,0.961114227771759,3.255131959915161
flip_h_r90,2.633589744567871,4.595343112945557,1.9359053373336792
flip_h_r180,1.712731957435608,5.1349334716796875,5.747230052947998
flip_h_r270,1.5400813817977905,5.466481685638428,1.087041974067688
r90,2.8706369400024414,2.927436113357544,0.6815146803855896
r180,3.107116222381592,6.653209686279297,5.33501672744751
r270,1.9418998956680298,0.4298834800720215,1.4117679595947266
flip_h,0.44385141134262085,0.5402470231056213,1.278536319732666
flip_h_r90,0.9033393263816833,1.107189655303955,0.4464288651943207
flip_h_r180,0.33773815631866455,0.48541000485420227,1.3187378644943237
flip_h_r270,3.317384719848633,6.82370138168335,5.54595947265625
r90,1.8271692991256714,3.7186636924743652,2.3422739505767822
r180,2.144758462905884,2.6789486408233643,4.053757667541504
r270,1.6337499618530273,4.1782755851745605,2.394010066986084
flip_h,3.120492696762085,2.633265495300293,4.869228363037109
flip_h_r90,4.6271514892578125,1.5914123058319092,1.8717490434646606
flip_h_r180,1.9193750619888306,4.290355205535889,3.222273111343384
flip_h_r270,1.957770824432373,3.5032379627227783,2.0044097900390625
r90,0.48251602053642273,2.3007936477661133,0.4000599682331085
r180,1.3682600259780884,5.6719818115234375,5.386672496795654
r270,0.2641003429889679,4.721779823303223,1.4681215286254883
flip_h,1.7703709602355957,1.3809850215911865,1.179875135421753
flip_h_r90,0.7216020822525024,2.6138341426849365,0.684347927570343
flip_h_r180,0.4596141576766968,4.182182788848877,3.5199053287506104
flip_h_r270,1.748166561126709,3.8162729740142822,1.7859888076782227
r90,3.3910887241363525,1.855355978012085,2.3981828689575195
r180,0.686744213104248,2.123767137527466,2.6842222213745117
r270,2.5244948863983154,0.5730741024017334,2.376558780670166
flip_h,1.4060826301574707,5.42605447769165,1.775847315788269
flip_h_r90,2.5084285736083984,2.463707447052002,1.9414962530136108
flip_h_r180,4.942783832550049,2.7048141956329346,1.7494734525680542
flip_h_r270,2.493109941482544,2.7931175231933594,1.997800350189209
r90,4.355606555938721,0.5184961557388306,4.290364742279053
r180,1.164541482925415,1.0105969905853271,1.548414945602417
r270,5.387328624725342,1.2114219665527344,6.116637229919434
flip_h,0.1121688112616539,0.4678189754486084,0.3317575752735138
flip_h_r90,5.283452033996582,0.9380739331245422,5.033354759216309
flip_h_r180,0.6712138056755066,1.0792434215545654,1.093902349472046
flip_h_r270,7.397624492645264,1.3468624353408813,6.6337127685546875
r90,3.8195137977600098,12.715332984924316,9.859251976013184
r180,1.065407395362854,15.291742324829102,15.120063781738281
r270,4.2597808837890625,11.451563835144043,14.259626388549805
flip_h,3.4464244842529297,12.723101615905762,12.734719276428223
flip_h_r90,4.471290588378906,13.802285194396973,13.910760879516602
flip_h_r180,5.349264621734619,12.535959243774414,9.906328201293945
flip_h_r270,0.7857984304428101,12.275758743286133,8.449158668518066
r90,2.654350996017456,2.2695178985595703,8.4517240524292
r180,0.6138004064559937,3.316174268722534,5.386659622192383
r270,5.29799747467041,3.1203458309173584,7.634787559509277
flip_h,2.2972161769866943,4.353496551513672,5.981541633605957
flip_h_r90,3.7496390342712402,3.4183435440063477,5.736535549163818
flip_h_r180,2.1317381858825684,5.261662483215332,5.4231648445129395
flip_h_r270,6.727591514587402,1.3978346586227417,11.674212455749512
r90,6.983125686645508,4.2024970054626465,9.331303596496582
r180,4.96752405166626,8.887327194213867,5.20659065246582
r270,8.865047454833984,5.3877410888671875,10.50696086883545
flip_h,1.548171877861023,3.554401159286499,3.2457523345947266
flip_h_r90,6.447377681732178,7.83225154876709,8.403318405151367
flip_h_r180,1.285658597946167,5.798899173736572,3.4825971126556396
flip_h_r270,12.393948554992676,6.610167026519775,8.321168899536133
r90,4.501883506774902,0.3608192205429077,3.628934860229492
r180,1.4514185190200806,0.6654093861579895,0.38666674494743347
r270,6.190953731536865,1.0069457292556763,5.237183094024658
flip_h,0.7670086622238159,2.7088701725006104,0.3626704812049866
flip_h_r90,6.7049880027771,0.6592878103256226,5.686517238616943
flip_h_r180,0.17538495361804962,0.5995455384254456,0.34024983644485474
flip_h_r270,9.262155532836914,0.3742108941078186,7.453765869140625
r90,5.0424652099609375,2.501997232437134,4.919930934906006
r180,2.5502846240997314,2.635307550430298,3.4101200103759766
r270,5.852594375610352,0.9474645256996155,2.356802225112915
flip_h,2.8930721282958984,2.798658847808838,2.347548246383667
flip_h_r90,6.340068340301514,2.61690354347229,3.5428688526153564
flip_h_r180,1.681465983390808,1.9738987684249878,2.6986329555511475
flip_h_r270,5.100288391113281,0.7361611723899841,2.649587631225586
r90,2.280618190765381,6.440804481506348,2.6856260299682617
r180,3.2322988510131836,4.3441596031188965,0.3369234800338745
r270,6.477474689483643,4.619114875793457,4.976621627807617
flip_h,3.884446620941162,3.1015095710754395,2.0149683952331543
flip_h_r90,2.7746939659118652,2.4377048015594482,2.566784620285034
flip_h_r180,4.075310230255127,7.7502055168151855,6.0288801193237305
flip_h_r270,5.623415470123291,1.1917059421539307,4.698779582977295
r90,7.213112831115723,12.213595390319824,8.21377944946289
r180,2.7360785007476807,7.659873008728027,7.527556896209717
r270,6.825361251831055,8.349536895751953,8.546513557434082
flip_h,5.130354881286621,8.422590255737305,10.171585083007812
flip_h_r90,6.371768474578857,12.998980522155762,4.674169540405273
flip_h_r180,2.9295780658721924,3.930440902709961,11.855354309082031
flip_h_r270,7.242011547088623,6.920806407928467,8.905608177185059
r90,1.4787095785140991,5.269886493682861,4.567624092102051
r180,1.8495068550109863,5.277667999267578,4.072808742523193
r270,1.2515586614608765,7.791024208068848,2.4714784622192383
flip_h,0.4938230514526367,7.659082412719727,3.939063549041748
flip_h_r90,2.0147385597229004,7.130336761474609,9.81989860534668
flip_h_r180,1.2152045965194702,4.7951459884643555,3.0010452270507812
flip_h_r270,1.590174913406372,3.5229828357696533,6.331944942474365
r90,7.624128818511963,2.6118593215942383,8.766291618347168
r180,1.041319489479065,1.3315119743347168,3.7692177295684814
r270,6.295252323150635,5.561760902404785,7.274557113647461
flip_h,0.561899721622467,0.5236790776252747,0.25318148732185364
flip_h_r90,6.045780181884766,3.2554478645324707,7.310373306274414
flip_h_r180,1.315405011177063,6.232201099395752,3.4490814208984375
flip_h_r270,5.904688358306885,0.269248366355896,4.88677453994751
r90,4.433391571044922,3.400601387023926,3.8158299922943115
r180,0.6917927265167236,0.450434148311615,1.95085871219635
r270,5.788976192474365,1.788079857826233,3.674008369445801
flip_h,1.573063611984253,0.6396582722663879,1.306657314300537
flip_h_r90,4.539299488067627,0.46813151240348816,4.073938369750977
flip_h_r180,0.8211182951927185,0.5373280048370361,1.6947890520095825
flip_h_r270,6.808955192565918,3.946415662765503,5.413801193237305
r90,3.8722567558288574,2.8195059299468994,4.845046520233154
r180,2.393048048019409,2.6353979110717773,4.668353080749512
r270,3.855813503265381,0.5914362668991089,6.965567111968994
flip_h,0.7521681189537048,1.513612985610962,2.441591501235962
flip_h_r90,2.4678733348846436,3.310964584350586,6.098449230194092
flip_h_r180,0.8964647650718689,3.3244287967681885,5.266709804534912
flip_h_r270,4.980672836303711,1.3916780948638916,5.096210956573486
r90,3.2046213150024414,3.9052720069885254,4.757106304168701
r180,2.502760410308838,2.156796455383301,2.483854055404663
r270,2.688622236251831,3.1538126468658447,3.539882183074951
flip_h,1.4696303606033325,0.9174997210502625,1.488765001296997
flip_h_r90,2.815417528152466,2.931126832962036,3.33725643157959
flip_h_r180,0.3188808262348175,3.110241413116455,0.3878210484981537
flip_h_r270,1.390665888786316,1.1843230724334717,2.369173765182495
r90,4.742029190063477,2.0737407207489014,2.1675636768341064
r180,0.8223822712898254,0.7094384431838989,1.1785584688186646
r270,5.334632873535156,0.6930592656135559,2.9245898723602295
flip_h,0.437223345041275,1.0345990657806396,0.9424028992652893
flip_h_r90,4.2952494621276855,0.7748541235923767,1.9710983037948608
flip_h_r180,0.6116710901260376,0.9717411398887634,0.3178640305995941
flip_h_r270,3.2866644859313965,1.3349303007125854,2.4906723499298096
r90,4.045292854309082,0.9194371104240417,2.5169782638549805
r180,0.6945865750312805,0.6954469680786133,1.061931848526001
r270,5.376728534698486,0.4015235900878906,3.4938759803771973
flip_h,0.4049360454082489,0.19604307413101196,1.1816108226776123
flip_h_r90,3.406668186187744,0.917363703250885,2.703892469406128
flip_h_r180,0.4085261821746826,0.7159792184829712,0.5799033045768738
flip_h_r270,5.008384704589844,0.49710613489151,2.466317653656006
r90,3.3250198364257812,5.0901641845703125,2.489938259124756
r180,5.411608695983887,1.0547235012054443,1.9161081314086914
r270,1.2799772024154663,1.8130236864089966,1.9735037088394165
flip_h,4.323787212371826,3.0667426586151123,1.434108018875122
flip_h_r90,3.05427885055542,2.675678014755249,1.2997541427612305
flip_h_r180,3.18505859375,2.3492848873138428,4.363145351409912
flip_h_r270,2.222930908203125,4.046140193939209,2.860825538635254
r90,2.6917078495025635,3.833127498626709,2.0354928970336914
r180,2.631202459335327,2.098076105117798,2.1896893978118896
r270,2.35032057762146,4.16387414932251,1.9560383558273315
flip_h,2.5816526412963867,2.244497776031494,0.05789217725396156
flip_h_r90,1.9609198570251465,7.095486640930176,2.2351996898651123
flip_h_r180,3.1674816608428955,1.9672706127166748,1.3634041547775269
flip_h_r270,1.9889129400253296,1.9804999828338623,0.6631044745445251
r90,0.9396332502365112,1.2956838607788086,0.33814990520477295
r180,0.9736489057540894,3.312222719192505,5.580141067504883
r270,1.3332643508911133,0.04849747568368912,0.8581591844558716
flip_h,1.2129493951797485,3.74780535697937,1.1808542013168335
flip_h_r90,1.071508765220642,1.518019199371338,1.1668717861175537
flip_h_r180,1.7803966999053955,3.1524884700775146,0.5853500366210938
flip_h_r270,0.6204847097396851,3.7776877880096436,5.070557594299316
r90,7.361056327819824,0.6901301145553589,7.086237907409668
r180,0.6069337725639343,2.4671497344970703,0.7932679653167725
r270,8.836834907531738,4.149677276611328,6.9348225593566895
flip_h,0.6307880878448486,4.5111517906188965,1.4566376209259033
flip_h_r90,6.263576984405518,1.7948832511901855,5.619000434875488
flip_h_r180,0.2434624582529068,0.6057611703872681,0.16457034647464752
flip_h_r270,7.377196788787842,3.4332997798919678,6.253349304199219
r90,5.3182597160339355,5.046433925628662,5.768786907196045
r180,1.4017832279205322,2.1065971851348877,1.8004553318023682
r270,7.244237422943115,1.6375391483306885,5.831390380859375
flip_h,0.7243796586990356,2.0296878814697266,1.2424414157867432
flip_h_r90,7.002516269683838,1.1037161350250244,6.367911338806152
flip_h_r180,4.249696731567383,0.9703153371810913,0.6238741278648376
flip_h_r270,4.5070719718933105,1.9088999032974243,4.187242031097412
r90,5.7156853675842285,8.624346733093262,5.489009380340576
r180,1.2000125646591187,5.873789310455322,3.81394362449646
r270,6.500550746917725,5.795200347900391,8.242392539978027
flip_h,3.884791612625122,1.935642123222351,1.3911800384521484
flip_h_r90,5.9051313400268555,7.973494052886963,6.0027899742126465
flip_h_r180,1.421522855758667,4.75421667098999,7.939364433288574
flip_h_r270,6.246148109436035,6.2275238037109375,7.749394416809082
