model,img_idx,orig_idx,true_class,group,hook,delta_l2,dpc_0,dpc_1,dpc_2,secondary
D4LensPINN,0,11,2,e,H00_preprocess,0.0,0.0,0.0,0.0,False
D4LensPINN,0,11,2,e,H01_enc1,0.0,0.0,0.0,0.0,False
D4LensPINN,0,11,2,e,H02_enc2,0.0,0.0,0.0,0.0,False
D4LensPINN,0,11,2,e,H03_enc3,0.0,0.0,0.0,0.0,False
D4LensPINN,0,11,2,e,H04_bot,0.0,0.0,0.0,0.0,False
D4LensPINN,0,11,2,e,H08_kappa_out,0.0,0.0,0.0,0.0,False
D4LensPINN,0,11,2,e,H09_poisson,0.0,0.0,0.0,0.0,False
D4LensPINN,0,11,2,e,H10_deflection,0.0,0.0,0.0,0.0,False
D4LensPINN,0,11,2,e,H11_inv_lens,0.0,0.0,0.0,0.0,False
D4LensPINN,0,11,2,e,H12_HANDOFF,0.0,0.0,0.0,0.0,False
D4LensPINN,0,11,2,e,H12b_input_proj,0.0,0.0,0.0,0.0,False
D4LensPINN,0,11,2,e,H13_eff3,0.0,0.0,0.0,0.0,False
D4LensPINN,0,11,2,e,H13b_eff4,0.0,0.0,0.0,0.0,False
D4LensPINN,0,11,2,e,H14_eff5,0.0,0.0,0.0,0.0,False
D4LensPINN,0,11,2,e,H14b_eff6,0.0,0.0,0.0,0.0,False
D4LensPINN,0,11,2,e,H15_before_gap,0.0,0.0,0.0,0.0,False
D4LensPINN,0,11,2,e,H16_after_gap,0.0,0.0,0.0,0.0,False
D4LensPINN,0,11,2,e,H17_pre_linear,0.0,0.0,0.0,0.0,False
D4LensPINN,0,11,2,r90,H00_preprocess,3.7794299125671387,-0.2880687713623047,2.746650218963623,-2.580120086669922,False
D4LensPINN,0,11,2,r90,H01_enc1,3.7794299125671387,-0.2880687713623047,2.746650218963623,-2.580120086669922,False
D4LensPINN,0,11,2,r90,H02_enc2,4.0757269859313965,-1.0291028022766113,3.047369956970215,-2.503204822540283,False
D4LensPINN,0,11,2,r90,H03_enc3,0.5678642988204956,-0.5104727745056152,0.2290637493133545,0.09704232215881348,False
D4LensPINN,0,11,2,r90,H04_bot,0.5409573912620544,-0.48575830459594727,0.21629726886749268,0.09944486618041992,False
D4LensPINN,0,11,2,r90,H08_kappa_out,3.7794299125671387,-0.2880687713623047,2.746650218963623,-2.580120086669922,False
D4LensPINN,0,11,2,r90,H09_poisson,0.1681245118379593,-0.07369709014892578,0.12157368659973145,-0.08974647521972656,False
D4LensPINN,0,11,2,r90,H10_deflection,0.1681245118379593,-0.07369709014892578,0.12157368659973145,-0.08974647521972656,False
D4LensPINN,0,11,2,r90,H11_inv_lens,40.76362228393555,-26.718467712402344,-15.835619926452637,26.401317596435547,False
D4LensPINN,0,11,2,r90,H12_HANDOFF,2.990363597869873,-0.9312524795532227,2.3002474308013916,-1.6685038805007935,False
D4LensPINN,0,11,2,r90,H12b_input_proj,2.990363597869873,-0.9312524795532227,2.3002474308013916,-1.6685038805007935,False
D4LensPINN,0,11,2,r90,H13_eff3,2.990363597869873,-0.9312524795532227,2.3002474308013916,-1.6685038805007935,False
D4LensPINN,0,11,2,r90,H13b_eff4,2.990363597869873,-0.9312524795532227,2.3002474308013916,-1.6685038805007935,False
D4LensPINN,0,11,2,r90,H14_eff5,2.990363597869873,-0.9312524795532227,2.3002474308013916,-1.6685038805007935,False
D4LensPINN,0,11,2,r90,H14b_eff6,2.990363597869873,-0.9312524795532227,2.3002474308013916,-1.6685038805007935,False
D4LensPINN,0,11,2,r90,H15_before_gap,2.990363597869873,-0.9312524795532227,2.3002474308013916,-1.6685038805007935,False
D4LensPINN,0,11,2,r90,H16_after_gap,2.990363597869873,-0.9312524795532227,2.3002474308013916,-1.6685038805007935,False
D4LensPINN,0,11,2,r90,H17_pre_linear,2.990363597869873,-0.9312524795532227,2.3002474308013916,-1.6685038805007935,False
D4LensPINN,0,11,2,r180,H00_preprocess,0.9051448106765747,-0.18854093551635742,-0.41325950622558594,0.7829151153564453,False
D4LensPINN,0,11,2,r180,H01_enc1,0.9051448106765747,-0.18854093551635742,-0.41325950622558594,0.7829151153564453,False
D4LensPINN,0,11,2,r180,H02_enc2,0.6553296446800232,0.4143843650817871,-0.3239297866821289,0.3909118175506592,False
D4LensPINN,0,11,2,r180,H03_enc3,0.7395104169845581,0.1634531021118164,0.4983093738555908,-0.5213890075683594,False
D4LensPINN,0,11,2,r180,H04_bot,0.46423301100730896,-0.020804882049560547,0.37096941471099854,-0.2783184051513672,False
D4LensPINN,0,11,2,r180,H08_kappa_out,0.9051448106765747,-0.18854093551635742,-0.41325950622558594,0.7829151153564453,False
D4LensPINN,0,11,2,r180,H09_poisson,0.06551859527826309,-0.041817665100097656,0.04797172546386719,-0.015578269958496094,False
D4LensPINN,0,11,2,r180,H10_deflection,0.06551859527826309,-0.041817665100097656,0.04797172546386719,-0.015578269958496094,False
D4LensPINN,0,11,2,r180,H11_inv_lens,12.81518268585205,-7.857476711273193,-5.453668594360352,8.529152870178223,False
D4LensPINN,0,11,2,r180,H12_HANDOFF,2.4277193546295166,-1.0166831016540527,-1.1599671840667725,1.8747406005859375,False
D4LensPINN,0,11,2,r180,H12b_input_proj,2.4277193546295166,-1.0166831016540527,-1.1599671840667725,1.8747406005859375,False
D4LensPINN,0,11,2,r180,H13_eff3,2.4277193546295166,-1.0166831016540527,-1.1599671840667725,1.8747406005859375,False
D4LensPINN,0,11,2,r180,H13b_eff4,2.4277193546295166,-1.0166831016540527,-1.1599671840667725,1.8747406005859375,False
D4LensPINN,0,11,2,r180,H14_eff5,2.4277193546295166,-1.0166831016540527,-1.1599671840667725,1.8747406005859375,False
D4LensPINN,0,11,2,r180,H14b_eff6,2.4277193546295166,-1.0166831016540527,-1.1599671840667725,1.8747406005859375,False
D4LensPINN,0,11,2,r180,H15_before_gap,2.4277193546295166,-1.0166831016540527,-1.1599671840667725,1.8747406005859375,False
D4LensPINN,0,11,2,r180,H16_after_gap,2.4277193546295166,-1.0166831016540527,-1.1599671840667725,1.8747406005859375,False
D4LensPINN,0,11,2,r180,H17_pre_linear,2.4277193546295166,-1.0166831016540527,-1.1599671840667725,1.8747406005859375,False
D4LensPINN,0,11,2,r270,H00_preprocess,3.336867332458496,1.4546473026275635,1.672597050666809,-2.4942140579223633,False
D4LensPINN,0,11,2,r270,H01_enc1,3.336867332458496,1.4546473026275635,1.672597050666809,-2.4942140579223633,False
D4LensPINN,0,11,2,r270,H02_enc2,3.0133211612701416,1.3378117084503174,1.5082228183746338,-2.2395596504211426,False
D4LensPINN,0,11,2,r270,H03_enc3,0.3207971751689911,-0.28032636642456055,0.13450443744659424,0.07897162437438965,False
D4LensPINN,0,11,2,r270,H04_bot,0.33742639422416687,-0.2558612823486328,0.2196410894393921,-0.012221574783325195,False
D4LensPINN,0,11,2,r270,H08_kappa_out,3.336867332458496,1.4546473026275635,1.672597050666809,-2.4942140579223633,False
D4LensPINN,0,11,2,r270,H09_poisson,0.10529901832342148,0.06401443481445312,0.033602237701416016,-0.07655668258666992,False
D4LensPINN,0,11,2,r270,H10_deflection,0.10529901832342148,0.06401443481445312,0.033602237701416016,-0.07655668258666992,False
D4LensPINN,0,11,2,r270,H11_inv_lens,34.956451416015625,-21.796173095703125,-14.213739395141602,23.342021942138672,False
D4LensPINN,0,11,2,r270,H12_HANDOFF,1.9872690439224243,1.0397815704345703,0.873579204082489,-1.4508452415466309,False
D4LensPINN,0,11,2,r270,H12b_input_proj,1.9872690439224243,1.0397815704345703,0.873579204082489,-1.4508452415466309,False
D4LensPINN,0,11,2,r270,H13_eff3,1.9872690439224243,1.0397815704345703,0.873579204082489,-1.4508452415466309,False
D4LensPINN,0,11,2,r270,H13b_eff4,1.9872690439224243,1.0397815704345703,0.873579204082489,-1.4508452415466309,False
D4LensPINN,0,11,2,r270,H14_eff5,1.9872690439224243,1.0397815704345703,0.873579204082489,-1.4508452415466309,False
D4LensPINN,0,11,2,r270,H14b_eff6,1.9872690439224243,1.0397815704345703,0.873579204082489,-1.4508452415466309,False
D4LensPINN,0,11,2,r270,H15_before_gap,1.9872690439224243,1.0397815704345703,0.873579204082489,-1.4508452415466309,False
D4LensPINN,0,11,2,r270,H16_after_gap,1.9872690439224243,1.0397815704345703,0.873579204082489,-1.4508452415466309,False
D4LensPINN,0,11,2,r270,H17_pre_linear,1.9872690439224243,1.0397815704345703,0.873579204082489,-1.4508452415466309,False
D4LensPINN,0,11,2,flip_h,H00_preprocess,1.4474241733551025,-1.2046689987182617,0.03872847557067871,0.8014421463012695,False
D4LensPINN,0,11,2,flip_h,H01_enc1,1.4474241733551025,-1.2046689987182617,0.03872847557067871,0.8014421463012695,False
D4LensPINN,0,11,2,flip_h,H02_enc2,1.3344078063964844,-0.63311767578125,-0.5257816314697266,1.0504093170166016,False
D4LensPINN,0,11,2,flip_h,H03_enc3,0.6561781764030457,-0.5652899742126465,0.0026547908782958984,0.33318161964416504,False
D4LensPINN,0,11,2,flip_h,H04_bot,0.7183085680007935,-0.5844573974609375,-0.05584836006164551,0.4138329029083252,False
D4LensPINN,0,11,2,flip_h,H08_kappa_out,1.4474241733551025,-1.2046689987182617,0.03872847557067871,0.8014421463012695,False
D4LensPINN,0,11,2,flip_h,H09_poisson,0.15295185148715973,-0.037058353424072266,0.12105691432952881,-0.08582639694213867,False
D4LensPINN,0,11,2,flip_h,H10_deflection,0.15295185148715973,-0.037058353424072266,0.12105691432952881,-0.08582639694213867,False
D4LensPINN,0,11,2,flip_h,H11_inv_lens,9.830796241760254,-6.097473621368408,-4.113430976867676,6.522656440734863,False
D4LensPINN,0,11,2,flip_h,H12_HANDOFF,2.5533058643341064,-1.649139404296875,-0.7986953258514404,1.7781438827514648,False
D4LensPINN,0,11,2,flip_h,H12b_input_proj,2.5533058643341064,-1.649139404296875,-0.7986953258514404,1.7781438827514648,False
D4LensPINN,0,11,2,flip_h,H13_eff3,2.5533058643341064,-1.649139404296875,-0.7986953258514404,1.7781438827514648,False
D4LensPINN,0,11,2,flip_h,H13b_eff4,2.5533058643341064,-1.649139404296875,-0.7986953258514404,1.7781438827514648,False
D4LensPINN,0,11,2,flip_h,H14_eff5,2.5533058643341064,-1.649139404296875,-0.7986953258514404,1.7781438827514648,False
D4LensPINN,0,11,2,flip_h,H14b_eff6,2.5533058643341064,-1.649139404296875,-0.7986953258514404,1.7781438827514648,False
D4LensPINN,0,11,2,flip_h,H15_before_gap,2.5533058643341064,-1.649139404296875,-0.7986953258514404,1.7781438827514648,False
D4LensPINN,0,11,2,flip_h,H16_after_gap,2.5533058643341064,-1.649139404296875,-0.7986953258514404,1.7781438827514648,False
D4LensPINN,0,11,2,flip_h,H17_pre_linear,2.5533058643341064,-1.649139404296875,-0.7986953258514404,1.7781438827514648,False
D4LensPINN,0,11,2,flip_h_r90,H00_preprocess,4.834841728210449,0.37189579010009766,3.3077876567840576,-3.5065553188323975,False
D4LensPINN,0,11,2,flip_h_r90,H01_enc1,4.834841728210449,0.37189579010009766,3.3077876567840576,-3.5065553188323975,False
D4LensPINN,0,11,2,flip_h_r90,H02_enc2,4.5336995124816895,0.2794981002807617,3.1336631774902344,-3.2644243240356445,False
D4LensPINN,0,11,2,flip_h_r90,H03_enc3,0.764220654964447,-0.6518778800964355,0.007672548294067383,0.3987851142883301,False
D4LensPINN,0,11,2,flip_h_r90,H04_bot,0.5181083679199219,-0.46491527557373047,0.14007163047790527,0.18074846267700195,False
D4LensPINN,0,11,2,flip_h_r90,H08_kappa_out,4.834841728210449,0.37189579010009766,3.3077876567840576,-3.5065553188323975,False
D4LensPINN,0,11,2,flip_h_r90,H09_poisson,0.2602573335170746,0.12059307098388672,0.1145925521850586,-0.2001492977142334,False
D4LensPINN,0,11,2,flip_h_r90,H10_deflection,0.2602573335170746,0.12059307098388672,0.1145925521850586,-0.2001492977142334,False
D4LensPINN,0,11,2,flip_h_r90,H11_inv_lens,28.074682235717773,-17.64339256286621,-11.332167625427246,18.66762924194336,False
D4LensPINN,0,11,2,flip_h_r90,H12_HANDOFF,3.699105978012085,1.782693862915039,1.7417577505111694,-2.7334351539611816,False
D4LensPINN,0,11,2,flip_h_r90,H12b_input_proj,3.699105978012085,1.782693862915039,1.7417577505111694,-2.7334351539611816,False
D4LensPINN,0,11,2,flip_h_r90,H13_eff3,3.699105978012085,1.782693862915039,1.7417577505111694,-2.7334351539611816,False
D4LensPINN,0,11,2,flip_h_r90,H13b_eff4,3.699105978012085,1.782693862915039,1.7417577505111694,-2.7334351539611816,False
D4LensPINN,0,11,2,flip_h_r90,H14_eff5,3.699105978012085,1.782693862915039,1.7417577505111694,-2.7334351539611816,False
D4LensPINN,0,11,2,flip_h_r90,H14b_eff6,3.699105978012085,1.782693862915039,1.7417577505111694,-2.7334351539611816,False
D4LensPINN,0,11,2,flip_h_r90,H15_before_gap,3.699105978012085,1.782693862915039,1.7417577505111694,-2.7334351539611816,False
D4LensPINN,0,11,2,flip_h_r90,H16_after_gap,3.699105978012085,1.782693862915039,1.7417577505111694,-2.7334351539611816,False
D4LensPINN,0,11,2,flip_h_r90,H17_pre_linear,3.699105978012085,1.782693862915039,1.7417577505111694,-2.7334351539611816,False
D4LensPINN,0,11,2,flip_h_r180,H00_preprocess,1.2161365747451782,0.8621599674224854,-0.8390345573425293,0.17801547050476074,False
D4LensPINN,0,11,2,flip_h_r180,H01_enc1,1.2161365747451782,0.8621599674224854,-0.8390345573425293,0.17801547050476074,False
D4LensPINN,0,11,2,flip_h_r180,H02_enc2,1.1241847276687622,0.786496639251709,-0.7827720642089844,0.18022847175598145,False
D4LensPINN,0,11,2,flip_h_r180,H03_enc3,1.622470736503601,0.7786891460418701,0.7650498151779175,-1.2003138065338135,False
D4LensPINN,0,11,2,flip_h_r180,H04_bot,1.6078945398330688,0.7664272785186768,0.7627543210983276,-1.1900084018707275,False
D4LensPINN,0,11,2,flip_h_r180,H08_kappa_out,1.2161365747451782,0.8621599674224854,-0.8390345573425293,0.17801547050476074,False
D4LensPINN,0,11,2,flip_h_r180,H09_poisson,0.09606821835041046,0.03527259826660156,0.04833984375,-0.07515454292297363,False
D4LensPINN,0,11,2,flip_h_r180,H10_deflection,0.09606821835041046,0.03527259826660156,0.04833984375,-0.07515454292297363,False
D4LensPINN,0,11,2,flip_h_r180,H11_inv_lens,6.992574214935303,-4.158946514129639,-2.4972829818725586,5.0361528396606445,False
D4LensPINN,0,11,2,flip_h_r180,H12_HANDOFF,0.8866001963615417,0.018115997314453125,0.7354817390441895,-0.49477100372314453,False
D4LensPINN,0,11,2,flip_h_r180,H12b_input_proj,0.8866001963615417,0.018115997314453125,0.7354817390441895,-0.49477100372314453,False
D4LensPINN,0,11,2,flip_h_r180,H13_eff3,0.8866001963615417,0.018115997314453125,0.7354817390441895,-0.49477100372314453,False
D4LensPINN,0,11,2,flip_h_r180,H13b_eff4,0.8866001963615417,0.018115997314453125,0.7354817390441895,-0.49477100372314453,False
D4LensPINN,0,11,2,flip_h_r180,H14_eff5,0.8866001963615417,0.018115997314453125,0.7354817390441895,-0.49477100372314453,False
D4LensPINN,0,11,2,flip_h_r180,H14b_eff6,0.8866001963615417,0.018115997314453125,0.7354817390441895,-0.49477100372314453,False
D4LensPINN,0,11,2,flip_h_r180,H15_before_gap,0.8866001963615417,0.018115997314453125,0.7354817390441895,-0.49477100372314453,False
D4LensPINN,0,11,2,flip_h_r180,H16_after_gap,0.8866001963615417,0.018115997314453125,0.7354817390441895,-0.49477100372314453,False
D4LensPINN,0,11,2,flip_h_r180,H17_pre_linear,0.8866001963615417,0.018115997314453125,0.7354817390441895,-0.49477100372314453,False
D4LensPINN,0,11,2,flip_h_r270,H00_preprocess,1.6562793254852295,-1.0604782104492188,1.1687312126159668,-0.5027072429656982,False
D4LensPINN,0,11,2,flip_h_r270,H01_enc1,1.6562793254852295,-1.0604782104492188,1.1687312126159668,-0.5027072429656982,False
D4LensPINN,0,11,2,flip_h_r270,H02_enc2,2.2429070472717285,-1.7192764282226562,1.3887020349502563,-0.3823974132537842,False
D4LensPINN,0,11,2,flip_h_r270,H03_enc3,0.17571139335632324,-0.14946556091308594,0.06903469562530518,0.06139016151428223,False
D4LensPINN,0,11,2,flip_h_r270,H04_bot,0.30233266949653625,-0.2428436279296875,0.0014232397079467773,0.1800832748413086,False
D4LensPINN,0,11,2,flip_h_r270,H08_kappa_out,1.6562793254852295,-1.0604782104492188,1.1687312126159668,-0.5027072429656982,False
D4LensPINN,0,11,2,flip_h_r270,H09_poisson,0.1548006683588028,-0.08921957015991211,0.10869300365447998,-0.06472206115722656,False
D4LensPINN,0,11,2,flip_h_r270,H10_deflection,0.1548006683588028,-0.08921957015991211,0.10869300365447998,-0.06472206115722656,False
D4LensPINN,0,11,2,flip_h_r270,H11_inv_lens,32.325931549072266,-20.691604614257812,-12.723601341247559,21.329166412353516,False
D4LensPINN,0,11,2,flip_h_r270,H12_HANDOFF,3.8737354278564453,-2.9926280975341797,2.3729348182678223,-0.647444486618042,False
D4LensPINN,0,11,2,flip_h_r270,H12b_input_proj,3.8737354278564453,-2.9926280975341797,2.3729348182678223,-0.647444486618042,False
D4LensPINN,0,11,2,flip_h_r270,H13_eff3,3.8737354278564453,-2.9926280975341797,2.3729348182678223,-0.647444486618042,False
D4LensPINN,0,11,2,flip_h_r270,H13b_eff4,3.8737354278564453,-2.9926280975341797,2.3729348182678223,-0.647444486618042,False
D4LensPINN,0,11,2,flip_h_r270,H14_eff5,3.8737354278564453,-2.9926280975341797,2.3729348182678223,-0.647444486618042,False
D4LensPINN,0,11,2,flip_h_r270,H14b_eff6,3.8737354278564453,-2.9926280975341797,2.3729348182678223,-0.647444486618042,False
D4LensPINN,0,11,2,flip_h_r270,H15_before_gap,3.8737354278564453,-2.9926280975341797,2.3729348182678223,-0.647444486618042,False
D4LensPINN,0,11,2,flip_h_r270,H16_after_gap,3.8737354278564453,-2.9926280975341797,2.3729348182678223,-0.647444486618042,False
D4LensPINN,0,11,2,flip_h_r270,H17_pre_linear,3.8737354278564453,-2.9926280975341797,2.3729348182678223,-0.647444486618042,False
D4LensPINN,1,17,2,e,H00_preprocess,0.0,0.0,0.0,0.0,False
D4LensPINN,1,17,2,e,H01_enc1,0.0,0.0,0.0,0.0,False
D4LensPINN,1,17,2,e,H02_enc2,0.0,0.0,0.0,0.0,False
D4LensPINN,1,17,2,e,H03_enc3,0.0,0.0,0.0,0.0,False
D4LensPINN,1,17,2,e,H04_bot,0.0,0.0,0.0,0.0,False
D4LensPINN,1,17,2,e,H08_kappa_out,0.0,0.0,0.0,0.0,False
D4LensPINN,1,17,2,e,H09_poisson,0.0,0.0,0.0,0.0,False
D4LensPINN,1,17,2,e,H10_deflection,0.0,0.0,0.0,0.0,False
D4LensPINN,1,17,2,e,H11_inv_lens,0.0,0.0,0.0,0.0,False
D4LensPINN,1,17,2,e,H12_HANDOFF,0.0,0.0,0.0,0.0,False
D4LensPINN,1,17,2,e,H12b_input_proj,0.0,0.0,0.0,0.0,False
D4LensPINN,1,17,2,e,H13_eff3,0.0,0.0,0.0,0.0,False
D4LensPINN,1,17,2,e,H13b_eff4,0.0,0.0,0.0,0.0,False
D4LensPINN,1,17,2,e,H14_eff5,0.0,0.0,0.0,0.0,False
D4LensPINN,1,17,2,e,H14b_eff6,0.0,0.0,0.0,0.0,False
D4LensPINN,1,17,2,e,H15_before_gap,0.0,0.0,0.0,0.0,False
D4LensPINN,1,17,2,e,H16_after_gap,0.0,0.0,0.0,0.0,False
D4LensPINN,1,17,2,e,H17_pre_linear,0.0,0.0,0.0,0.0,False
D4LensPINN,1,17,2,r90,H00_preprocess,1.1887723207473755,-0.3844146728515625,0.8311589956283569,-0.7580103874206543,False
D4LensPINN,1,17,2,r90,H01_enc1,1.1887723207473755,-0.3844146728515625,0.8311589956283569,-0.7580103874206543,False
D4LensPINN,1,17,2,r90,H02_enc2,0.4927961826324463,-0.34922361373901367,0.2647406756877899,-0.22539591789245605,False
D4LensPINN,1,17,2,r90,H03_enc3,1.5593868494033813,0.14916324615478516,1.0720738172531128,-1.1225396394729614,False
D4LensPINN,1,17,2,r90,H04_bot,1.007828712463379,0.12517642974853516,0.6866883039474487,-0.7269861698150635,False
D4LensPINN,1,17,2,r90,H08_kappa_out,1.1887723207473755,-0.3844146728515625,0.8311589956283569,-0.7580103874206543,False
D4LensPINN,1,17,2,r90,H09_poisson,0.265651673078537,-0.12344121932983398,0.1971539855003357,-0.1283097267150879,False
D4LensPINN,1,17,2,r90,H10_deflection,0.265651673078537,-0.12344121932983398,0.1971539855003357,-0.1283097267150879,False
D4LensPINN,1,17,2,r90,H11_inv_lens,3.2350471019744873,2.774423599243164,-1.594612717628479,0.4746713638305664,False
D4LensPINN,1,17,2,r90,H12_HANDOFF,1.5534265041351318,0.16576671600341797,1.0043972730636597,-1.1733888387680054,False
D4LensPINN,1,17,2,r90,H12b_input_proj,1.5534265041351318,0.16576671600341797,1.0043972730636597,-1.1733888387680054,False
D4LensPINN,1,17,2,r90,H13_eff3,1.5534265041351318,0.16576671600341797,1.0043972730636597,-1.1733888387680054,False
D4LensPINN,1,17,2,r90,H13b_eff4,1.5534265041351318,0.16576671600341797,1.0043972730636597,-1.1733888387680054,False
D4LensPINN,1,17,2,r90,H14_eff5,1.5534265041351318,0.16576671600341797,1.0043972730636597,-1.1733888387680054,False
D4LensPINN,1,17,2,r90,H14b_eff6,1.5534265041351318,0.16576671600341797,1.0043972730636597,-1.1733888387680054,False
D4LensPINN,1,17,2,r90,H15_before_gap,1.5534265041351318,0.16576671600341797,1.0043972730636597,-1.1733888387680054,False
D4LensPINN,1,17,2,r90,H16_after_gap,1.5534265041351318,0.16576671600341797,1.0043972730636597,-1.1733888387680054,False
D4LensPINN,1,17,2,r90,H17_pre_linear,1.5534265041351318,0.16576671600341797,1.0043972730636597,-1.1733888387680054,False
D4LensPINN,1,17,2,r180,H00_preprocess,0.834079384803772,-0.6331124305725098,0.5070142149925232,-0.19440603256225586,False
D4LensPINN,1,17,2,r180,H01_enc1,0.834079384803772,-0.6331124305725098,0.5070142149925232,-0.19440603256225586,False
D4LensPINN,1,17,2,r180,H02_enc2,2.0418238639831543,0.6093478202819824,1.2268540859222412,-1.5141230821609497,False
D4LensPINN,1,17,2,r180,H03_enc3,0.4359736442565918,-0.21223688125610352,0.3176236152648926,-0.21010422706604004,False
D4LensPINN,1,17,2,r180,H04_bot,0.2837638258934021,-0.16264867782592773,-0.11301064491271973,0.20321393013000488,False
D4LensPINN,1,17,2,r180,H08_kappa_out,0.834079384803772,-0.6331124305725098,0.5070142149925232,-0.19440603256225586,False
D4LensPINN,1,17,2,r180,H09_poisson,0.16335542500019073,0.14728069305419922,-0.0038929879665374756,-0.070556640625,False
D4LensPINN,1,17,2,r180,H10_deflection,0.16335542500019073,0.14728069305419922,-0.0038929879665374756,-0.070556640625,False
D4LensPINN,1,17,2,r180,H11_inv_lens,13.923341751098633,-6.353113174438477,-7.6075921058654785,9.778647422790527,False
D4LensPINN,1,17,2,r180,H12_HANDOFF,1.6035295724868774,0.4848613739013672,-1.1602799892425537,0.9949707984924316,False
D4LensPINN,1,17,2,r180,H12b_input_proj,1.6035295724868774,0.4848613739013672,-1.1602799892425537,0.9949707984924316,False
D4LensPINN,1,17,2,r180,H13_eff3,1.6035295724868774,0.4848613739013672,-1.1602799892425537,0.9949707984924316,False
D4LensPINN,1,17,2,r180,H13b_eff4,1.6035295724868774,0.4848613739013672,-1.1602799892425537,0.9949707984924316,False
D4LensPINN,1,17,2,r180,H14_eff5,1.6035295724868774,0.4848613739013672,-1.1602799892425537,0.9949707984924316,False
D4LensPINN,1,17,2,r180,H14b_eff6,1.6035295724868774,0.4848613739013672,-1.1602799892425537,0.9949707984924316,False
D4LensPINN,1,17,2,r180,H15_before_gap,1.6035295724868774,0.4848613739013672,-1.1602799892425537,0.9949707984924316,False
D4LensPINN,1,17,2,r180,H16_after_gap,1.6035295724868774,0.4848613739013672,-1.1602799892425537,0.9949707984924316,False
D4LensPINN,1,17,2,r180,H17_pre_linear,1.6035295724868774,0.4848613739013672,-1.1602799892425537,0.9949707984924316,False
D4LensPINN,1,17,2,r270,H00_preprocess,0.6972475647926331,-0.5031843185424805,0.4086412191390991,-0.2568502426147461,False
D4LensPINN,1,17,2,r270,H01_enc1,0.6972475647926331,-0.5031843185424805,0.4086412191390991,-0.2568502426147461,False
D4LensPINN,1,17,2,r270,H02_enc2,1.1812477111816406,0.7832322120666504,0.34440624713897705,-0.8144187927246094,False
D4LensPINN,1,17,2,r270,H03_enc3,0.5635309219360352,-0.1154489517211914,0.4180300235748291,-0.3598465919494629,False
D4LensPINN,1,17,2,r270,H04_bot,0.6068543791770935,-0.21116352081298828,0.4491245746612549,-0.3492410182952881,False
D4LensPINN,1,17,2,r270,H08_kappa_out,0.6972475647926331,-0.5031843185424805,0.4086412191390991,-0.2568502426147461,False
D4LensPINN,1,17,2,r270,H09_poisson,0.10077733546495438,0.0895843505859375,-0.045823484659194946,-0.005560874938964844,False
D4LensPINN,1,17,2,r270,H10_deflection,0.10077733546495438,0.0895843505859375,-0.045823484659194946,-0.005560874938964844,False
D4LensPINN,1,17,2,r270,H11_inv_lens,3.3593287467956543,2.8365426063537598,-1.7767338752746582,0.28693628311157227,False
D4LensPINN,1,17,2,r270,H12_HANDOFF,1.3923496007919312,-1.3125643730163574,0.2288738489151001,0.4042634963989258,False
D4LensPINN,1,17,2,r270,H12b_input_proj,1.3923496007919312,-1.3125643730163574,0.2288738489151001,0.4042634963989258,False
D4LensPINN,1,17,2,r270,H13_eff3,1.3923496007919312,-1.3125643730163574,0.2288738489151001,0.4042634963989258,False
D4LensPINN,1,17,2,r270,H13b_eff4,1.3923496007919312,-1.3125643730163574,0.2288738489151001,0.4042634963989258,False
D4LensPINN,1,17,2,r270,H14_eff5,1.3923496007919312,-1.3125643730163574,0.2288738489151001,0.4042634963989258,False
D4LensPINN,1,17,2,r270,H14b_eff6,1.3923496007919312,-1.3125643730163574,0.2288738489151001,0.4042634963989258,False
D4LensPINN,1,17,2,r270,H15_before_gap,1.3923496007919312,-1.3125643730163574,0.2288738489151001,0.4042634963989258,False
D4LensPINN,1,17,2,r270,H16_after_gap,1.3923496007919312,-1.3125643730163574,0.2288738489151001,0.4042634963989258,False
D4LensPINN,1,17,2,r270,H17_pre_linear,1.3923496007919312,-1.3125643730163574,0.2288738489151001,0.4042634963989258,False
D4LensPINN,1,17,2,flip_h,H00_preprocess,1.6348379850387573,1.0878422260284424,0.5565032362937927,-1.0860933065414429,False
D4LensPINN,1,17,2,flip_h,H01_enc1,1.6348379850387573,1.0878422260284424,0.5565032362937927,-1.0860933065414429,False
D4LensPINN,1,17,2,flip_h,H02_enc2,2.569981098175049,1.606295108795166,0.9799076318740845,-1.7505427598953247,False
D4LensPINN,1,17,2,flip_h,H03_enc3,0.6432490944862366,0.21877384185791016,0.37835031747817993,-0.4719729423522949,False
D4LensPINN,1,17,2,flip_h,H04_bot,0.4780806601047516,0.20080995559692383,0.2618788480758667,-0.3459131717681885,False
D4LensPINN,1,17,2,flip_h,H08_kappa_out,1.6348379850387573,1.0878422260284424,0.5565032362937927,-1.0860933065414429,False
D4LensPINN,1,17,2,flip_h,H09_poisson,0.22383545339107513,0.10904121398925781,-0.16289132833480835,0.10806822776794434,False
D4LensPINN,1,17,2,flip_h,H10_deflection,0.22383545339107513,0.10904121398925781,-0.16289132833480835,0.10806822776794434,False
D4LensPINN,1,17,2,flip_h,H11_inv_lens,7.75655460357666,-2.6164374351501465,-4.739821910858154,5.554501533508301,False
D4LensPINN,1,17,2,flip_h,H12_HANDOFF,1.0694987773895264,0.022419452667236328,0.7309620380401611,-0.7803969383239746,False
D4LensPINN,1,17,2,flip_h,H12b_input_proj,1.0694987773895264,0.022419452667236328,0.7309620380401611,-0.7803969383239746,False
D4LensPINN,1,17,2,flip_h,H13_eff3,1.0694987773895264,0.022419452667236328,0.7309620380401611,-0.7803969383239746,False
D4LensPINN,1,17,2,flip_h,H13b_eff4,1.0694987773895264,0.022419452667236328,0.7309620380401611,-0.7803969383239746,False
D4LensPINN,1,17,2,flip_h,H14_eff5,1.0694987773895264,0.022419452667236328,0.7309620380401611,-0.7803969383239746,False
D4LensPINN,1,17,2,flip_h,H14b_eff6,1.0694987773895264,0.022419452667236328,0.7309620380401611,-0.7803969383239746,False
D4LensPINN,1,17,2,flip_h,H15_before_gap,1.0694987773895264,0.022419452667236328,0.7309620380401611,-0.7803969383239746,False
D4LensPINN,1,17,2,flip_h,H16_after_gap,1.0694987773895264,0.022419452667236328,0.7309620380401611,-0.7803969383239746,False
D4LensPINN,1,17,2,flip_h,H17_pre_linear,1.0694987773895264,0.022419452667236328,0.7309620380401611,-0.7803969383239746,False
D4LensPINN,1,17,2,flip_h_r90,H00_preprocess,1.7621108293533325,-0.2439126968383789,1.2525616884231567,-1.2151668071746826,False
D4LensPINN,1,17,2,flip_h_r90,H01_enc1,1.7621108293533325,-0.2439126968383789,1.2525616884231567,-1.2151668071746826,False
D4LensPINN,1,17,2,flip_h_r90,H02_enc2,2.680875301361084,1.0779671669006348,1.426607370376587,-1.9974662065505981,False
D4LensPINN,1,17,2,flip_h_r90,H03_enc3,1.4154093265533447,0.2182002067565918,0.9486908912658691,-1.0275006294250488,False
D4LensPINN,1,17,2,flip_h_r90,H04_bot,0.9994947910308838,0.23218727111816406,0.6438090801239014,-0.7284152507781982,False
D4LensPINN,1,17,2,flip_h_r90,H08_kappa_out,1.7621108293533325,-0.2439126968383789,1.2525616884231567,-1.2151668071746826,False
D4LensPINN,1,17,2,flip_h_r90,H09_poisson,0.2806556224822998,0.017226219177246094,0.19259798526763916,-0.2034130096435547,False
D4LensPINN,1,17,2,flip_h_r90,H10_deflection,0.2806556224822998,0.017226219177246094,0.19259798526763916,-0.2034130096435547,False
D4LensPINN,1,17,2,flip_h_r90,H11_inv_lens,3.482909679412842,0.7205691337585449,-2.565535545349121,2.242647171020508,False
D4LensPINN,1,17,2,flip_h_r90,H12_HANDOFF,0.4685080647468567,0.44240617752075195,-0.14698943495750427,-0.046590566635131836,False
D4LensPINN,1,17,2,flip_h_r90,H12b_input_proj,0.4685080647468567,0.44240617752075195,-0.14698943495750427,-0.046590566635131836,False
D4LensPINN,1,17,2,flip_h_r90,H13_eff3,0.4685080647468567,0.44240617752075195,-0.14698943495750427,-0.046590566635131836,False
D4LensPINN,1,17,2,flip_h_r90,H13b_eff4,0.4685080647468567,0.44240617752075195,-0.14698943495750427,-0.046590566635131836,False
D4LensPINN,1,17,2,flip_h_r90,H14_eff5,0.4685080647468567,0.44240617752075195,-0.14698943495750427,-0.046590566635131836,False
D4LensPINN,1,17,2,flip_h_r90,H14b_eff6,0.4685080647468567,0.44240617752075195,-0.14698943495750427,-0.046590566635131836,False
D4LensPINN,1,17,2,flip_h_r90,H15_before_gap,0.4685080647468567,0.44240617752075195,-0.14698943495750427,-0.046590566635131836,False
D4LensPINN,1,17,2,flip_h_r90,H16_after_gap,0.4685080647468567,0.44240617752075195,-0.14698943495750427,-0.046590566635131836,False
D4LensPINN,1,17,2,flip_h_r90,H17_pre_linear,0.4685080647468567,0.44240617752075195,-0.14698943495750427,-0.046590566635131836,False
D4LensPINN,1,17,2,flip_h_r180,H00_preprocess,3.9964938163757324,-1.7105436325073242,2.9367239475250244,-2.1027731895446777,False
D4LensPINN,1,17,2,flip_h_r180,H01_enc1,3.9964938163757324,-1.7105436325073242,2.9367239475250244,-2.1027731895446777,False
D4LensPINN,1,17,2,flip_h_r180,H02_enc2,3.7453012466430664,-0.8285155296325684,2.8034260272979736,-2.3412914276123047,False
D4LensPINN,1,17,2,flip_h_r180,H03_enc3,0.9582993388175964,-0.8229608535766602,0.4833108186721802,-0.08650803565979004,False
D4LensPINN,1,17,2,flip_h_r180,H04_bot,0.6780878901481628,-0.5553855895996094,-0.11362063884735107,0.37207579612731934,False
D4LensPINN,1,17,2,flip_h_r180,H08_kappa_out,3.9964938163757324,-1.7105436325073242,2.9367239475250244,-2.1027731895446777,False
D4LensPINN,1,17,2,flip_h_r180,H09_poisson,0.4739393889904022,-0.04589080810546875,0.34136587381362915,-0.3255486488342285,False
D4LensPINN,1,17,2,flip_h_r180,H10_deflection,0.4739393889904022,-0.04589080810546875,0.34136587381362915,-0.3255486488342285,False
D4LensPINN,1,17,2,flip_h_r180,H11_inv_lens,18.240978240966797,-9.464433670043945,-9.30869197845459,12.510238647460938,False
D4LensPINN,1,17,2,flip_h_r180,H12_HANDOFF,1.0221641063690186,0.34369611740112305,0.5962462425231934,-0.7557663917541504,False
D4LensPINN,1,17,2,flip_h_r180,H12b_input_proj,1.0221641063690186,0.34369611740112305,0.5962462425231934,-0.7557663917541504,False
D4LensPINN,1,17,2,flip_h_r180,H13_eff3,1.0221641063690186,0.34369611740112305,0.5962462425231934,-0.7557663917541504,False
D4LensPINN,1,17,2,flip_h_r180,H13b_eff4,1.0221641063690186,0.34369611740112305,0.5962462425231934,-0.7557663917541504,False
D4LensPINN,1,17,2,flip_h_r180,H14_eff5,1.0221641063690186,0.34369611740112305,0.5962462425231934,-0.7557663917541504,False
D4LensPINN,1,17,2,flip_h_r180,H14b_eff6,1.0221641063690186,0.34369611740112305,0.5962462425231934,-0.7557663917541504,False
D4LensPINN,1,17,2,flip_h_r180,H15_before_gap,1.0221641063690186,0.34369611740112305,0.5962462425231934,-0.7557663917541504,False
D4LensPINN,1,17,2,flip_h_r180,H16_after_gap,1.0221641063690186,0.34369611740112305,0.5962462425231934,-0.7557663917541504,False
D4LensPINN,1,17,2,flip_h_r180,H17_pre_linear,1.0221641063690186,0.34369611740112305,0.5962462425231934,-0.7557663917541504,False
D4LensPINN,1,17,2,flip_h_r270,H00_preprocess,1.8527989387512207,1.7220325469970703,-0.35084018111228943,-0.5868380069732666,False
D4LensPINN,1,17,2,flip_h_r270,H01_enc1,1.8527989387512207,1.7220325469970703,-0.35084018111228943,-0.5868380069732666,False
D4LensPINN,1,17,2,flip_h_r270,H02_enc2,1.6859080791473389,1.395934820175171,-0.9353432655334473,0.13705825805664062,False
D4LensPINN,1,17,2,flip_h_r270,H03_enc3,0.7907668352127075,0.4511733055114746,0.34089237451553345,-0.5527632236480713,False
D4LensPINN,1,17,2,flip_h_r270,H04_bot,0.8016194701194763,0.36910295486450195,0.40888264775276184,-0.5823845863342285,False
D4LensPINN,1,17,2,flip_h_r270,H08_kappa_out,1.8527989387512207,1.7220325469970703,-0.35084018111228943,-0.5868380069732666,False
D4LensPINN,1,17,2,flip_h_r270,H09_poisson,0.09825053811073303,0.038355350494384766,-0.06836956739425659,0.05922532081604004,False
D4LensPINN,1,17,2,flip_h_r270,H10_deflection,0.09825053811073303,0.038355350494384766,-0.06836956739425659,0.05922532081604004,False
D4LensPINN,1,17,2,flip_h_r270,H11_inv_lens,3.945807695388794,1.673173189163208,-2.9142253398895264,2.068134307861328,False
D4LensPINN,1,17,2,flip_h_r270,H12_HANDOFF,1.279908299446106,-0.7182331085205078,-0.6095188856124878,0.866483211517334,False
D4LensPINN,1,17,2,flip_h_r270,H12b_input_proj,1.279908299446106,-0.7182331085205078,-0.6095188856124878,0.866483211517334,False
D4LensPINN,1,17,2,flip_h_r270,H13_eff3,1.279908299446106,-0.7182331085205078,-0.6095188856124878,0.866483211517334,False
D4LensPINN,1,17,2,flip_h_r270,H13b_eff4,1.279908299446106,-0.7182331085205078,-0.6095188856124878,0.866483211517334,False
D4LensPINN,1,17,2,flip_h_r270,H14_eff5,1.279908299446106,-0.7182331085205078,-0.6095188856124878,0.866483211517334,False
D4LensPINN,1,17,2,flip_h_r270,H14b_eff6,1.279908299446106,-0.7182331085205078,-0.6095188856124878,0.866483211517334,False
D4LensPINN,1,17,2,flip_h_r270,H15_before_gap,1.279908299446106,-0.7182331085205078,-0.6095188856124878,0.866483211517334,False
D4LensPINN,1,17,2,flip_h_r270,H16_after_gap,1.279908299446106,-0.7182331085205078,-0.6095188856124878,0.866483211517334,False
D4LensPINN,1,17,2,flip_h_r270,H17_pre_linear,1.279908299446106,-0.7182331085205078,-0.6095188856124878,0.866483211517334,False
D4LensPINN,2,27,0,e,H00_preprocess,0.0,0.0,0.0,0.0,False
D4LensPINN,2,27,0,e,H01_enc1,0.0,0.0,0.0,0.0,False
D4LensPINN,2,27,0,e,H02_enc2,0.0,0.0,0.0,0.0,False
D4LensPINN,2,27,0,e,H03_enc3,0.0,0.0,0.0,0.0,False
D4LensPINN,2,27,0,e,H04_bot,0.0,0.0,0.0,0.0,False
D4LensPINN,2,27,0,e,H08_kappa_out,0.0,0.0,0.0,0.0,False
D4LensPINN,2,27,0,e,H09_poisson,0.0,0.0,0.0,0.0,False
D4LensPINN,2,27,0,e,H10_deflection,0.0,0.0,0.0,0.0,False
D4LensPINN,2,27,0,e,H11_inv_lens,0.0,0.0,0.0,0.0,False
D4LensPINN,2,27,0,e,H12_HANDOFF,0.0,0.0,0.0,0.0,False
D4LensPINN,2,27,0,e,H12b_input_proj,0.0,0.0,0.0,0.0,False
D4LensPINN,2,27,0,e,H13_eff3,0.0,0.0,0.0,0.0,False
D4LensPINN,2,27,0,e,H13b_eff4,0.0,0.0,0.0,0.0,False
D4LensPINN,2,27,0,e,H14_eff5,0.0,0.0,0.0,0.0,False
D4LensPINN,2,27,0,e,H14b_eff6,0.0,0.0,0.0,0.0,False
D4LensPINN,2,27,0,e,H15_before_gap,0.0,0.0,0.0,0.0,False
D4LensPINN,2,27,0,e,H16_after_gap,0.0,0.0,0.0,0.0,False
D4LensPINN,2,27,0,e,H17_pre_linear,0.0,0.0,0.0,0.0,False
D4LensPINN,2,27,0,r90,H00_preprocess,1.1936347484588623,0.6361682415008545,0.1374622881412506,-1.000578761100769,False
D4LensPINN,2,27,0,r90,H01_enc1,1.1936347484588623,0.6361682415008545,0.1374622881412506,-1.000578761100769,False
D4LensPINN,2,27,0,r90,H02_enc2,1.2071640491485596,0.7257993221282959,-0.006740748882293701,-0.9645801782608032,False
D4LensPINN,2,27,0,r90,H03_enc3,1.2636523246765137,-0.8531813621520996,-0.1002606749534607,0.9267396926879883,False
D4LensPINN,2,27,0,r90,H04_bot,1.2540606260299683,-0.8322329521179199,-0.12664246559143066,0.9295256733894348,False
D4LensPINN,2,27,0,r90,H08_kappa_out,1.1936347484588623,0.6361682415008545,0.1374622881412506,-1.000578761100769,False
D4LensPINN,2,27,0,r90,H09_poisson,0.19730162620544434,-0.12393546104431152,-0.008624136447906494,0.15327608585357666,False
D4LensPINN,2,27,0,r90,H10_deflection,0.19730162620544434,-0.12393546104431152,-0.008624136447906494,0.15327608585357666,False
D4LensPINN,2,27,0,r90,H11_inv_lens,29.886157989501953,-20.285341262817383,-10.237723350524902,19.413305282592773,False
D4LensPINN,2,27,0,r90,H12_HANDOFF,2.115990400314331,-1.887935757637024,0.6845555901527405,0.6667060852050781,False
D4LensPINN,2,27,0,r90,H12b_input_proj,2.115990400314331,-1.887935757637024,0.6845555901527405,0.6667060852050781,False
D4LensPINN,2,27,0,r90,H13_eff3,2.115990400314331,-1.887935757637024,0.6845555901527405,0.6667060852050781,False
D4LensPINN,2,27,0,r90,H13b_eff4,2.115990400314331,-1.887935757637024,0.6845555901527405,0.6667060852050781,False
D4LensPINN,2,27,0,r90,H14_eff5,2.115990400314331,-1.887935757637024,0.6845555901527405,0.6667060852050781,False
D4LensPINN,2,27,0,r90,H14b_eff6,2.115990400314331,-1.887935757637024,0.6845555901527405,0.6667060852050781,False
D4LensPINN,2,27,0,r90,H15_before_gap,2.115990400314331,-1.887935757637024,0.6845555901527405,0.6667060852050781,False
D4LensPINN,2,27,0,r90,H16_after_gap,2.115990400314331,-1.887935757637024,0.6845555901527405,0.6667060852050781,False
D4LensPINN,2,27,0,r90,H17_pre_linear,2.115990400314331,-1.887935757637024,0.6845555901527405,0.6667060852050781,False
D4LensPINN,2,27,0,r180,H00_preprocess,1.9416329860687256,1.39506196975708,-0.5821561217308044,-1.2185381650924683,False
D4LensPINN,2,27,0,r180,H01_enc1,1.9416329860687256,1.39506196975708,-0.5821561217308044,-1.2185381650924683,False
D4LensPINN,2,27,0,r180,H02_enc2,2.0779623985290527,1.4976367950439453,-0.6536914706230164,-1.2836273908615112,False
D4LensPINN,2,27,0,r180,H03_enc3,0.4885329008102417,-0.26554179191589355,-0.11128032207489014,0.3946753740310669,False
D4LensPINN,2,27,0,r180,H04_bot,0.40207451581954956,-0.21178698539733887,-0.10667169094085693,0.3247019052505493,False
D4LensPINN,2,27,0,r180,H08_kappa_out,1.9416329860687256,1.39506196975708,-0.5821561217308044,-1.2185381650924683,False
D4LensPINN,2,27,0,r180,H09_poisson,0.16381029784679413,0.07465815544128418,0.04549652338027954,-0.13852810859680176,False
D4LensPINN,2,27,0,r180,H10_deflection,0.16381029784679413,0.07465815544128418,0.04549652338027954,-0.13852810859680176,False
D4LensPINN,2,27,0,r180,H11_inv_lens,6.764499664306641,-5.033809185028076,-1.5481696128845215,4.245278358459473,False
D4LensPINN,2,27,0,r180,H12_HANDOFF,0.5829594731330872,0.4184703826904297,-0.13204413652420044,-0.3837820291519165,False
D4LensPINN,2,27,0,r180,H12b_input_proj,0.5829594731330872,0.4184703826904297,-0.13204413652420044,-0.3837820291519165,False
D4LensPINN,2,27,0,r180,H13_eff3,0.5829594731330872,0.4184703826904297,-0.13204413652420044,-0.3837820291519165,False
D4LensPINN,2,27,0,r180,H13b_eff4,0.5829594731330872,0.4184703826904297,-0.13204413652420044,-0.3837820291519165,False
D4LensPINN,2,27,0,r180,H14_eff5,0.5829594731330872,0.4184703826904297,-0.13204413652420044,-0.3837820291519165,False
D4LensPINN,2,27,0,r180,H14b_eff6,0.5829594731330872,0.4184703826904297,-0.13204413652420044,-0.3837820291519165,False
D4LensPINN,2,27,0,r180,H15_before_gap,0.5829594731330872,0.4184703826904297,-0.13204413652420044,-0.3837820291519165,False
D4LensPINN,2,27,0,r180,H16_after_gap,0.5829594731330872,0.4184703826904297,-0.13204413652420044,-0.3837820291519165,False
D4LensPINN,2,27,0,r180,H17_pre_linear,0.5829594731330872,0.4184703826904297,-0.13204413652420044,-0.3837820291519165,False
D4LensPINN,2,27,0,r270,H00_preprocess,0.4380272626876831,-0.23226475715637207,-0.1877727508544922,0.3204096555709839,False
D4LensPINN,2,27,0,r270,H01_enc1,0.4380272626876831,-0.23226475715637207,-0.1877727508544922,0.3204096555709839,False
D4LensPINN,2,27,0,r270,H02_enc2,0.5027572512626648,0.35424232482910156,-0.15314286947250366,-0.32221806049346924,False
D4LensPINN,2,27,0,r270,H03_enc3,4.615591049194336,-3.6723926067352295,-0.25385355949401855,2.7843799591064453,False
D4LensPINN,2,27,0,r270,H04_bot,3.6506969928741455,-2.9528181552886963,0.007952749729156494,2.146716356277466,False
D4LensPINN,2,27,0,r270,H08_kappa_out,0.4380272626876831,-0.23226475715637207,-0.1877727508544922,0.3204096555709839,False
D4LensPINN,2,27,0,r270,H09_poisson,0.10537051409482956,-0.04745626449584961,-0.03583848476409912,0.08698534965515137,False
D4LensPINN,2,27,0,r270,H10_deflection,0.10537051409482956,-0.04745626449584961,-0.03583848476409912,0.08698534965515137,False
D4LensPINN,2,27,0,r270,H11_inv_lens,28.49347496032715,-19.169267654418945,-10.021254539489746,18.547014236450195,False
D4LensPINN,2,27,0,r270,H12_HANDOFF,4.542700290679932,-4.092828750610352,0.5565557479858398,1.8908005952835083,False
D4LensPINN,2,27,0,r270,H12b_input_proj,4.542700290679932,-4.092828750610352,0.5565557479858398,1.8908005952835083,False
D4LensPINN,2,27,0,r270,H13_eff3,4.542700290679932,-4.092828750610352,0.5565557479858398,1.8908005952835083,False
D4LensPINN,2,27,0,r270,H13b_eff4,4.542700290679932,-4.092828750610352,0.5565557479858398,1.8908005952835083,False
D4LensPINN,2,27,0,r270,H14_eff5,4.542700290679932,-4.092828750610352,0.5565557479858398,1.8908005952835083,False
D4LensPINN,2,27,0,r270,H14b_eff6,4.542700290679932,-4.092828750610352,0.5565557479858398,1.8908005952835083,False
D4LensPINN,2,27,0,r270,H15_before_gap,4.542700290679932,-4.092828750610352,0.5565557479858398,1.8908005952835083,False
D4LensPINN,2,27,0,r270,H16_after_gap,4.542700290679932,-4.092828750610352,0.5565557479858398,1.8908005952835083,False
D4LensPINN,2,27,0,r270,H17_pre_linear,4.542700290679932,-4.092828750610352,0.5565557479858398,1.8908005952835083,False
D4LensPINN,2,27,0,flip_h,H00_preprocess,1.3682438135147095,0.6345529556274414,0.30180394649505615,-1.1740306615829468,False
D4LensPINN,2,27,0,flip_h,H01_enc1,1.3682438135147095,0.6345529556274414,0.30180394649505615,-1.1740306615829468,False
D4LensPINN,2,27,0,flip_h,H02_enc2,1.365081548690796,0.7426667213439941,0.15145045518875122,-1.1353222131729126,False
D4LensPINN,2,27,0,flip_h,H03_enc3,3.1923599243164062,-2.5995218753814697,0.03440302610397339,1.8526911735534668,False
D4LensPINN,2,27,0,flip_h,H04_bot,2.597777843475342,-2.0000603199005127,-0.07112836837768555,1.6562453508377075,False
D4LensPINN,2,27,0,flip_h,H08_kappa_out,1.3682438135147095,0.6345529556274414,0.30180394649505615,-1.1740306615829468,False
D4LensPINN,2,27,0,flip_h,H09_poisson,0.3537823557853699,0.2547628879547119,-0.06888049840927124,-0.2356126308441162,False
D4LensPINN,2,27,0,flip_h,H10_deflection,0.3537823557853699,0.2547628879547119,-0.06888049840927124,-0.2356126308441162,False
D4LensPINN,2,27,0,flip_h,H11_inv_lens,6.531591892242432,-4.822947978973389,-1.4996495246887207,4.141486644744873,False
D4LensPINN,2,27,0,flip_h,H12_HANDOFF,1.0460693836212158,-0.6306886672973633,-0.14393073320388794,0.8220564723014832,False
D4LensPINN,2,27,0,flip_h,H12b_input_proj,1.0460693836212158,-0.6306886672973633,-0.14393073320388794,0.8220564723014832,False
D4LensPINN,2,27,0,flip_h,H13_eff3,1.0460693836212158,-0.6306886672973633,-0.14393073320388794,0.8220564723014832,False
D4LensPINN,2,27,0,flip_h,H13b_eff4,1.0460693836212158,-0.6306886672973633,-0.14393073320388794,0.8220564723014832,False
D4LensPINN,2,27,0,flip_h,H14_eff5,1.0460693836212158,-0.6306886672973633,-0.14393073320388794,0.8220564723014832,False
D4LensPINN,2,27,0,flip_h,H14b_eff6,1.0460693836212158,-0.6306886672973633,-0.14393073320388794,0.8220564723014832,False
D4LensPINN,2,27,0,flip_h,H15_before_gap,1.0460693836212158,-0.6306886672973633,-0.14393073320388794,0.8220564723014832,False
D4LensPINN,2,27,0,flip_h,H16_after_gap,1.0460693836212158,-0.6306886672973633,-0.14393073320388794,0.8220564723014832,False
D4LensPINN,2,27,0,flip_h,H17_pre_linear,1.0460693836212158,-0.6306886672973633,-0.14393073320388794,0.8220564723014832,False
D4LensPINN,2,27,0,flip_h_r90,H00_preprocess,0.11176688969135284,-0.03801155090332031,-0.0770687460899353,0.07146584987640381,False
D4LensPINN,2,27,0,flip_h_r90,H01_enc1,0.11176688969135284,-0.03801155090332031,-0.0770687460899353,0.07146584987640381,False
D4LensPINN,2,27,0,flip_h_r90,H02_enc2,0.401091992855072,0.27425718307495117,-0.2830023169517517,-0.074615478515625,False
D4LensPINN,2,27,0,flip_h_r90,H03_enc3,1.1244679689407349,-0.7654786109924316,-0.05635935068130493,0.8217628598213196,False
D4LensPINN,2,27,0,flip_h_r90,H04_bot,0.7013843059539795,-0.4831671714782715,-4.762411117553711e-05,0.5084185600280762,False
D4LensPINN,2,27,0,flip_h_r90,H08_kappa_out,0.11176688969135284,-0.03801155090332031,-0.0770687460899353,0.07146584987640381,False
D4LensPINN,2,27,0,flip_h_r90,H09_poisson,0.1657828390598297,0.12082624435424805,-0.11211717128753662,-0.01774001121520996,False
D4LensPINN,2,27,0,flip_h_r90,H10_deflection,0.1657828390598297,0.12082624435424805,-0.11211717128753662,-0.01774001121520996,False
D4LensPINN,2,27,0,flip_h_r90,H11_inv_lens,23.991498947143555,-16.522132873535156,-8.075822830200195,15.407538414001465,False
D4LensPINN,2,27,0,flip_h_r90,H12_HANDOFF,3.4194533824920654,-2.9207348823547363,0.06931176781654358,1.776841402053833,False
D4LensPINN,2,27,0,flip_h_r90,H12b_input_proj,3.4194533824920654,-2.9207348823547363,0.06931176781654358,1.776841402053833,False
D4LensPINN,2,27,0,flip_h_r90,H13_eff3,3.4194533824920654,-2.9207348823547363,0.06931176781654358,1.776841402053833,False
D4LensPINN,2,27,0,flip_h_r90,H13b_eff4,3.4194533824920654,-2.9207348823547363,0.06931176781654358,1.776841402053833,False
D4LensPINN,2,27,0,flip_h_r90,H14_eff5,3.4194533824920654,-2.9207348823547363,0.06931176781654358,1.776841402053833,False
D4LensPINN,2,27,0,flip_h_r90,H14b_eff6,3.4194533824920654,-2.9207348823547363,0.06931176781654358,1.776841402053833,False
D4LensPINN,2,27,0,flip_h_r90,H15_before_gap,3.4194533824920654,-2.9207348823547363,0.06931176781654358,1.776841402053833,False
D4LensPINN,2,27,0,flip_h_r90,H16_after_gap,3.4194533824920654,-2.9207348823547363,0.06931176781654358,1.776841402053833,False
D4LensPINN,2,27,0,flip_h_r90,H17_pre_linear,3.4194533824920654,-2.9207348823547363,0.06931176781654358,1.776841402053833,False
D4LensPINN,2,27,0,flip_h_r180,H00_preprocess,2.0992531776428223,1.4592995643615723,-0.43485307693481445,-1.445064663887024,False
D4LensPINN,2,27,0,flip_h_r180,H01_enc1,2.0992531776428223,1.4592995643615723,-0.43485307693481445,-1.445064663887024,False
D4LensPINN,2,27,0,flip_h_r180,H02_enc2,2.147106170654297,1.5037217140197754,-0.4791272282600403,-1.4557894468307495,False
D4LensPINN,2,27,0,flip_h_r180,H03_enc3,2.162508487701416,-1.480820655822754,-0.20576053857803345,1.5624580383300781,False
D4LensPINN,2,27,0,flip_h_r180,H04_bot,1.937940001487732,-1.3695995807647705,-0.09779751300811768,1.3675687313079834,False
D4LensPINN,2,27,0,flip_h_r180,H08_kappa_out,2.0992531776428223,1.4592995643615723,-0.43485307693481445,-1.445064663887024,False
D4LensPINN,2,27,0,flip_h_r180,H09_poisson,0.05946857109665871,0.00069427490234375,0.03654998540878296,-0.046905517578125,False
D4LensPINN,2,27,0,flip_h_r180,H10_deflection,0.05946857109665871,0.00069427490234375,0.03654998540878296,-0.046905517578125,False
D4LensPINN,2,27,0,flip_h_r180,H11_inv_lens,14.96796703338623,-10.06396770477295,-4.6504693031311035,10.056327819824219,False
D4LensPINN,2,27,0,flip_h_r180,H12_HANDOFF,2.6467931270599365,1.80210542678833,-0.3511490225791931,-1.9064692258834839,False
D4LensPINN,2,27,0,flip_h_r180,H12b_input_proj,2.6467931270599365,1.80210542678833,-0.3511490225791931,-1.9064692258834839,False
D4LensPINN,2,27,0,flip_h_r180,H13_eff3,2.6467931270599365,1.80210542678833,-0.3511490225791931,-1.9064692258834839,False
D4LensPINN,2,27,0,flip_h_r180,H13b_eff4,2.6467931270599365,1.80210542678833,-0.3511490225791931,-1.9064692258834839,False
D4LensPINN,2,27,0,flip_h_r180,H14_eff5,2.6467931270599365,1.80210542678833,-0.3511490225791931,-1.9064692258834839,False
D4LensPINN,2,27,0,flip_h_r180,H14b_eff6,2.6467931270599365,1.80210542678833,-0.3511490225791931,-1.9064692258834839,False
D4LensPINN,2,27,0,flip_h_r180,H15_before_gap,2.6467931270599365,1.80210542678833,-0.3511490225791931,-1.9064692258834839,False
D4LensPINN,2,27,0,flip_h_r180,H16_after_gap,2.6467931270599365,1.80210542678833,-0.3511490225791931,-1.9064692258834839,False
D4LensPINN,2,27,0,flip_h_r180,H17_pre_linear,2.6467931270599365,1.80210542678833,-0.3511490225791931,-1.9064692258834839,False
D4LensPINN,2,27,0,flip_h_r270,H00_preprocess,0.784614086151123,0.5266613960266113,-0.5446323752403259,-0.20401620864868164,False
D4LensPINN,2,27,0,flip_h_r270,H01_enc1,0.784614086151123,0.5266613960266113,-0.5446323752403259,-0.20401620864868164,False
D4LensPINN,2,27,0,flip_h_r270,H02_enc2,0.7086796760559082,0.45145130157470703,-0.5275866389274597,-0.14167189598083496,False
D4LensPINN,2,27,0,flip_h_r270,H03_enc3,0.9237657189369202,-0.648221492767334,-0.007104039192199707,0.6581044793128967,False
D4LensPINN,2,27,0,flip_h_r270,H04_bot,1.040126085281372,-0.7491796016693115,0.017740488052368164,0.7213025689125061,False
D4LensPINN,2,27,0,flip_h_r270,H08_kappa_out,0.784614086151123,0.5266613960266113,-0.5446323752403259,-0.20401620864868164,False
D4LensPINN,2,27,0,flip_h_r270,H09_poisson,1.0924075841903687,-0.77644944190979,0.025541186332702637,0.7680027484893799,False
D4LensPINN,2,27,0,flip_h_r270,H10_deflection,1.0924075841903687,-0.77644944190979,0.025541186332702637,0.7680027484893799,False
D4LensPINN,2,27,0,flip_h_r270,H11_inv_lens,19.88846778869629,-13.44650650024414,-6.463681221008301,13.151557922363281,False
D4LensPINN,2,27,0,flip_h_r270,H12_HANDOFF,4.807060241699219,-3.4544622898101807,-0.9483904242515564,3.205475330352783,False
D4LensPINN,2,27,0,flip_h_r270,H12b_input_proj,4.807060241699219,-3.4544622898101807,-0.9483904242515564,3.205475330352783,False
D4LensPINN,2,27,0,flip_h_r270,H13_eff3,4.807060241699219,-3.4544622898101807,-0.9483904242515564,3.205475330352783,False
D4LensPINN,2,27,0,flip_h_r270,H13b_eff4,4.807060241699219,-3.4544622898101807,-0.9483904242515564,3.205475330352783,False
D4LensPINN,2,27,0,flip_h_r270,H14_eff5,4.807060241699219,-3.4544622898101807,-0.9483904242515564,3.205475330352783,False
D4LensPINN,2,27,0,flip_h_r270,H14b_eff6,4.807060241699219,-3.4544622898101807,-0.9483904242515564,3.205475330352783,False
D4LensPINN,2,27,0,flip_h_r270,H15_before_gap,4.807060241699219,-3.4544622898101807,-0.9483904242515564,3.205475330352783,False
D4LensPINN,2,27,0,flip_h_r270,H16_after_gap,4.807060241699219,-3.4544622898101807,-0.9483904242515564,3.205475330352783,False
D4LensPINN,2,27,0,flip_h_r270,H17_pre_linear,4.807060241699219,-3.4544622898101807,-0.9483904242515564,3.205475330352783,False
D4LensPINN,3,36,1,e,H00_preprocess,0.0,0.0,0.0,0.0,False
D4LensPINN,3,36,1,e,H01_enc1,0.0,0.0,0.0,0.0,False
D4LensPINN,3,36,1,e,H02_enc2,0.0,0.0,0.0,0.0,False
D4LensPINN,3,36,1,e,H03_enc3,0.0,0.0,0.0,0.0,False
D4LensPINN,3,36,1,e,H04_bot,0.0,0.0,0.0,0.0,False
D4LensPINN,3,36,1,e,H08_kappa_out,0.0,0.0,0.0,0.0,False
D4LensPINN,3,36,1,e,H09_poisson,0.0,0.0,0.0,0.0,False
D4LensPINN,3,36,1,e,H10_deflection,0.0,0.0,0.0,0.0,False
D4LensPINN,3,36,1,e,H11_inv_lens,0.0,0.0,0.0,0.0,False
D4LensPINN,3,36,1,e,H12_HANDOFF,0.0,0.0,0.0,0.0,False
D4LensPINN,3,36,1,e,H12b_input_proj,0.0,0.0,0.0,0.0,False
D4LensPINN,3,36,1,e,H13_eff3,0.0,0.0,0.0,0.0,False
D4LensPINN,3,36,1,e,H13b_eff4,0.0,0.0,0.0,0.0,False
D4LensPINN,3,36,1,e,H14_eff5,0.0,0.0,0.0,0.0,False
D4LensPINN,3,36,1,e,H14b_eff6,0.0,0.0,0.0,0.0,False
D4LensPINN,3,36,1,e,H15_before_gap,0.0,0.0,0.0,0.0,False
D4LensPINN,3,36,1,e,H16_after_gap,0.0,0.0,0.0,0.0,False
D4LensPINN,3,36,1,e,H17_pre_linear,0.0,0.0,0.0,0.0,False
D4LensPINN,3,36,1,r90,H00_preprocess,3.933781623840332,-2.0898795127868652,-1.6597237586975098,2.890044689178467,False
D4LensPINN,3,36,1,r90,H01_enc1,3.933781623840332,-2.0898795127868652,-1.6597237586975098,2.890044689178467,False
D4LensPINN,3,36,1,r90,H02_enc2,4.426107883453369,-2.0830535888671875,-2.0839719772338867,3.302783727645874,False
D4LensPINN,3,36,1,r90,H03_enc3,2.8523614406585693,-0.20547819137573242,-1.873694896697998,2.1407971382141113,False
D4LensPINN,3,36,1,r90,H04_bot,2.074733018875122,0.029050350189208984,-1.3989830017089844,1.5318355560302734,False
D4LensPINN,3,36,1,r90,H08_kappa_out,3.933781623840332,-2.0898795127868652,-1.6597237586975098,2.890044689178467,False
D4LensPINN,3,36,1,r90,H09_poisson,0.592054009437561,-0.20834732055664062,-0.2746152877807617,0.48135828971862793,False
D4LensPINN,3,36,1,r90,H10_deflection,0.592054009437561,-0.20834732055664062,-0.2746152877807617,0.48135828971862793,False
D4LensPINN,3,36,1,r90,H11_inv_lens,33.326263427734375,-14.018637657165527,-18.15774154663086,24.17465591430664,False
D4LensPINN,3,36,1,r90,H12_HANDOFF,3.7057945728302,-1.2179102897644043,-1.9769129753112793,2.8881521224975586,False
D4LensPINN,3,36,1,r90,H12b_input_proj,3.7057945728302,-1.2179102897644043,-1.9769129753112793,2.8881521224975586,False
D4LensPINN,3,36,1,r90,H13_eff3,3.7057945728302,-1.2179102897644043,-1.9769129753112793,2.8881521224975586,False
D4LensPINN,3,36,1,r90,H13b_eff4,3.7057945728302,-1.2179102897644043,-1.9769129753112793,2.8881521224975586,False
D4LensPINN,3,36,1,r90,H14_eff5,3.7057945728302,-1.2179102897644043,-1.9769129753112793,2.8881521224975586,False
D4LensPINN,3,36,1,r90,H14b_eff6,3.7057945728302,-1.2179102897644043,-1.9769129753112793,2.8881521224975586,False
D4LensPINN,3,36,1,r90,H15_before_gap,3.7057945728302,-1.2179102897644043,-1.9769129753112793,2.8881521224975586,False
D4LensPINN,3,36,1,r90,H16_after_gap,3.7057945728302,-1.2179102897644043,-1.9769129753112793,2.8881521224975586,False
D4LensPINN,3,36,1,r90,H17_pre_linear,3.7057945728302,-1.2179102897644043,-1.9769129753112793,2.8881521224975586,False
D4LensPINN,3,36,1,r180,H00_preprocess,3.1444711685180664,-2.7783451080322266,0.16245555877685547,1.4635932445526123,False
D4LensPINN,3,36,1,r180,H01_enc1,3.1444711685180664,-2.7783451080322266,0.16245555877685547,1.4635932445526123,False
D4LensPINN,3,36,1,r180,H02_enc2,3.3040969371795654,-2.9210596084594727,0.15521669387817383,1.536351203918457,False
D4LensPINN,3,36,1,r180,H03_enc3,0.0591028556227684,0.05808067321777344,-0.009055614471435547,-0.006146430969238281,False
D4LensPINN,3,36,1,r180,H04_bot,0.07137539982795715,0.06788206100463867,-0.00807332992553711,-0.020525455474853516,False
D4LensPINN,3,36,1,r180,H08_kappa_out,3.1444711685180664,-2.7783451080322266,0.16245555877685547,1.4635932445526123,False
D4LensPINN,3,36,1,r180,H09_poisson,0.5246222019195557,0.02460479736328125,-0.32230091094970703,0.41321325302124023,False
D4LensPINN,3,36,1,r180,H10_deflection,0.5246222019195557,0.02460479736328125,-0.32230091094970703,0.41321325302124023,False
D4LensPINN,3,36,1,r180,H11_inv_lens,28.73212242126465,-10.344985008239746,-16.77304458618164,20.908878326416016,False
D4LensPINN,3,36,1,r180,H12_HANDOFF,0.8129501342773438,-0.2394886016845703,-0.4265885353088379,0.6492729187011719,False
D4LensPINN,3,36,1,r180,H12b_input_proj,0.8129501342773438,-0.2394886016845703,-0.4265885353088379,0.6492729187011719,False
D4LensPINN,3,36,1,r180,H13_eff3,0.8129501342773438,-0.2394886016845703,-0.4265885353088379,0.6492729187011719,False
D4LensPINN,3,36,1,r180,H13b_eff4,0.8129501342773438,-0.2394886016845703,-0.4265885353088379,0.6492729187011719,False
D4LensPINN,3,36,1,r180,H14_eff5,0.8129501342773438,-0.2394886016845703,-0.4265885353088379,0.6492729187011719,False
D4LensPINN,3,36,1,r180,H14b_eff6,0.8129501342773438,-0.2394886016845703,-0.4265885353088379,0.6492729187011719,False
D4LensPINN,3,36,1,r180,H15_before_gap,0.8129501342773438,-0.2394886016845703,-0.4265885353088379,0.6492729187011719,False
D4LensPINN,3,36,1,r180,H16_after_gap,0.8129501342773438,-0.2394886016845703,-0.4265885353088379,0.6492729187011719,False
D4LensPINN,3,36,1,r180,H17_pre_linear,0.8129501342773438,-0.2394886016845703,-0.4265885353088379,0.6492729187011719,False
D4LensPINN,3,36,1,r270,H00_preprocess,1.9099020957946777,-0.8966751098632812,-0.8616495132446289,1.4495723247528076,False
D4LensPINN,3,36,1,r270,H01_enc1,1.9099020957946777,-0.8966751098632812,-0.8616495132446289,1.4495723247528076,False
D4LensPINN,3,36,1,r270,H02_enc2,2.5471739768981934,-0.7344756126403809,-1.4264259338378906,1.9783706665039062,False
D4LensPINN,3,36,1,r270,H03_enc3,2.687483310699463,-0.05216646194458008,-1.810427188873291,1.985497236251831,False
D4LensPINN,3,36,1,r270,H04_bot,2.03059720993042,0.07426881790161133,-1.3842906951904297,1.4837617874145508,False
D4LensPINN,3,36,1,r270,H08_kappa_out,1.9099020957946777,-0.8966751098632812,-0.8616495132446289,1.4495723247528076,False
D4LensPINN,3,36,1,r270,H09_poisson,0.057203661650419235,-0.004372596740722656,-0.007040500640869141,0.056600093841552734,False
D4LensPINN,3,36,1,r270,H10_deflection,0.057203661650419235,-0.004372596740722656,-0.007040500640869141,0.056600093841552734,False
D4LensPINN,3,36,1,r270,H11_inv_lens,29.94338607788086,-10.536690711975098,-17.54544448852539,21.85730743408203,False
D4LensPINN,3,36,1,r270,H12_HANDOFF,6.340428352355957,0.04331541061401367,-4.3681230545043945,4.595503807067871,False
D4LensPINN,3,36,1,r270,H12b_input_proj,6.340428352355957,0.04331541061401367,-4.3681230545043945,4.595503807067871,False
D4LensPINN,3,36,1,r270,H13_eff3,6.340428352355957,0.04331541061401367,-4.3681230545043945,4.595503807067871,False
D4LensPINN,3,36,1,r270,H13b_eff4,6.340428352355957,0.04331541061401367,-4.3681230545043945,4.595503807067871,False
D4LensPINN,3,36,1,r270,H14_eff5,6.340428352355957,0.04331541061401367,-4.3681230545043945,4.595503807067871,False
D4LensPINN,3,36,1,r270,H14b_eff6,6.340428352355957,0.04331541061401367,-4.3681230545043945,4.595503807067871,False
D4LensPINN,3,36,1,r270,H15_before_gap,6.340428352355957,0.04331541061401367,-4.3681230545043945,4.595503807067871,False
D4LensPINN,3,36,1,r270,H16_after_gap,6.340428352355957,0.04331541061401367,-4.3681230545043945,4.595503807067871,False
D4LensPINN,3,36,1,r270,H17_pre_linear,6.340428352355957,0.04331541061401367,-4.3681230545043945,4.595503807067871,False
D4LensPINN,3,36,1,flip_h,H00_preprocess,2.1087467670440674,-1.626481056213379,-0.25388669967651367,1.317920207977295,False
D4LensPINN,3,36,1,flip_h,H01_enc1,2.1087467670440674,-1.626481056213379,-0.25388669967651367,1.317920207977295,False
D4LensPINN,3,36,1,flip_h,H02_enc2,2.1938858032226562,-1.5564446449279785,-0.44228219985961914,1.4815537929534912,False
D4LensPINN,3,36,1,flip_h,H03_enc3,0.11454260349273682,0.10852575302124023,-0.03619575500488281,-0.005660057067871094,False
D4LensPINN,3,36,1,flip_h,H04_bot,0.10042183846235275,0.09484529495239258,-0.010603904724121094,-0.03124856948852539,False
D4LensPINN,3,36,1,flip_h,H08_kappa_out,2.1087467670440674,-1.626481056213379,-0.25388669967651367,1.317920207977295,False
D4LensPINN,3,36,1,flip_h,H09_poisson,0.6235955953598022,0.03562211990356445,-0.4151744842529297,0.4639317989349365,False
D4LensPINN,3,36,1,flip_h,H10_deflection,0.6235955953598022,0.03562211990356445,-0.4151744842529297,0.4639317989349365,False
D4LensPINN,3,36,1,flip_h,H11_inv_lens,8.295819282531738,2.0799739360809326,-5.956535339355469,5.386464595794678,False
D4LensPINN,3,36,1,flip_h,H12_HANDOFF,2.2042133808135986,1.0902276039123535,-1.589643955230713,1.069108009338379,False
D4LensPINN,3,36,1,flip_h,H12b_input_proj,2.2042133808135986,1.0902276039123535,-1.589643955230713,1.069108009338379,False
D4LensPINN,3,36,1,flip_h,H13_eff3,2.2042133808135986,1.0902276039123535,-1.589643955230713,1.069108009338379,False
D4LensPINN,3,36,1,flip_h,H13b_eff4,2.2042133808135986,1.0902276039123535,-1.589643955230713,1.069108009338379,False
D4LensPINN,3,36,1,flip_h,H14_eff5,2.2042133808135986,1.0902276039123535,-1.589643955230713,1.069108009338379,False
D4LensPINN,3,36,1,flip_h,H14b_eff6,2.2042133808135986,1.0902276039123535,-1.589643955230713,1.069108009338379,False
D4LensPINN,3,36,1,flip_h,H15_before_gap,2.2042133808135986,1.0902276039123535,-1.589643955230713,1.069108009338379,False
D4LensPINN,3,36,1,flip_h,H16_after_gap,2.2042133808135986,1.0902276039123535,-1.589643955230713,1.069108009338379,False
D4LensPINN,3,36,1,flip_h,H17_pre_linear,2.2042133808135986,1.0902276039123535,-1.589643955230713,1.069108009338379,False
D4LensPINN,3,36,1,flip_h_r90,H00_preprocess,4.023105144500732,-2.386692523956299,-1.4306859970092773,2.905548095703125,False
D4LensPINN,3,36,1,flip_h_r90,H01_enc1,4.023105144500732,-2.386692523956299,-1.4306859970092773,2.905548095703125,False
D4LensPINN,3,36,1,flip_h_r90,H02_enc2,4.330634117126465,-2.7160234451293945,-1.4171934127807617,3.060910224914551,False
D4LensPINN,3,36,1,flip_h_r90,H03_enc3,2.5612375736236572,-0.1426410675048828,-1.6829643249511719,1.9254150390625,False
D4LensPINN,3,36,1,flip_h_r90,H04_bot,1.8588734865188599,0.08724546432495117,-1.2657675743103027,1.3585400581359863,False
D4LensPINN,3,36,1,flip_h_r90,H08_kappa_out,4.023105144500732,-2.386692523956299,-1.4306859970092773,2.905548095703125,False
D4LensPINN,3,36,1,flip_h_r90,H09_poisson,0.556699275970459,-0.03605794906616211,-0.343048095703125,0.43695759773254395,False
D4LensPINN,3,36,1,flip_h_r90,H10_deflection,0.556699275970459,-0.03605794906616211,-0.343048095703125,0.43695759773254395,False
D4LensPINN,3,36,1,flip_h_r90,H11_inv_lens,44.168304443359375,-21.676231384277344,-22.296836853027344,31.366085052490234,False
D4LensPINN,3,36,1,flip_h_r90,H12_HANDOFF,1.7409796714782715,0.6459541320800781,-1.236588478088379,1.0414423942565918,False
D4LensPINN,3,36,1,flip_h_r90,H12b_input_proj,1.7409796714782715,0.6459541320800781,-1.236588478088379,1.0414423942565918,False
D4LensPINN,3,36,1,flip_h_r90,H13_eff3,1.7409796714782715,0.6459541320800781,-1.236588478088379,1.0414423942565918,False
D4LensPINN,3,36,1,flip_h_r90,H13b_eff4,1.7409796714782715,0.6459541320800781,-1.236588478088379,1.0414423942565918,False
D4LensPINN,3,36,1,flip_h_r90,H14_eff5,1.7409796714782715,0.6459541320800781,-1.236588478088379,1.0414423942565918,False
D4LensPINN,3,36,1,flip_h_r90,H14b_eff6,1.7409796714782715,0.6459541320800781,-1.236588478088379,1.0414423942565918,False
D4LensPINN,3,36,1,flip_h_r90,H15_before_gap,1.7409796714782715,0.6459541320800781,-1.236588478088379,1.0414423942565918,False
D4LensPINN,3,36,1,flip_h_r90,H16_after_gap,1.7409796714782715,0.6459541320800781,-1.236588478088379,1.0414423942565918,False
D4LensPINN,3,36,1,flip_h_r90,H17_pre_linear,1.7409796714782715,0.6459541320800781,-1.236588478088379,1.0414423942565918,False
D4LensPINN,3,36,1,flip_h_r180,H00_preprocess,2.588657855987549,0.13579702377319336,-1.798243522644043,1.8571560382843018,False
D4LensPINN,3,36,1,flip_h_r180,H01_enc1,2.588657855987549,0.13579702377319336,-1.798243522644043,1.8571560382843018,False
D4LensPINN,3,36,1,flip_h_r180,H02_enc2,2.496704339981079,0.027767658233642578,-1.6977219581604004,1.8304376602172852,False
D4LensPINN,3,36,1,flip_h_r180,H03_enc3,0.3127524256706238,0.29024553298950195,-0.07831287384033203,-0.08624792098999023,False
D4LensPINN,3,36,1,flip_h_r180,H04_bot,0.2053721398115158,0.18911457061767578,-0.04258537292480469,-0.06782245635986328,False
D4LensPINN,3,36,1,flip_h_r180,H08_kappa_out,2.588657855987549,0.13579702377319336,-1.798243522644043,1.8571560382843018,False
D4LensPINN,3,36,1,flip_h_r180,H09_poisson,0.2671203911304474,0.09872722625732422,0.13198280334472656,-0.2102065086364746,False
D4LensPINN,3,36,1,flip_h_r180,H10_deflection,0.2671203911304474,0.09872722625732422,0.13198280334472656,-0.2102065086364746,False
D4LensPINN,3,36,1,flip_h_r180,H11_inv_lens,25.971450805664062,-7.833029747009277,-15.864604949951172,19.012474060058594,False
D4LensPINN,3,36,1,flip_h_r180,H12_HANDOFF,5.285238265991211,-0.5198612213134766,-3.4515600204467773,3.9686548709869385,False
D4LensPINN,3,36,1,flip_h_r180,H12b_input_proj,5.285238265991211,-0.5198612213134766,-3.4515600204467773,3.9686548709869385,False
D4LensPINN,3,36,1,flip_h_r180,H13_eff3,5.285238265991211,-0.5198612213134766,-3.4515600204467773,3.9686548709869385,False
D4LensPINN,3,36,1,flip_h_r180,H13b_eff4,5.285238265991211,-0.5198612213134766,-3.4515600204467773,3.9686548709869385,False
D4LensPINN,3,36,1,flip_h_r180,H14_eff5,5.285238265991211,-0.5198612213134766,-3.4515600204467773,3.9686548709869385,False
D4LensPINN,3,36,1,flip_h_r180,H14b_eff6,5.285238265991211,-0.5198612213134766,-3.4515600204467773,3.9686548709869385,False
D4LensPINN,3,36,1,flip_h_r180,H15_before_gap,5.285238265991211,-0.5198612213134766,-3.4515600204467773,3.9686548709869385,False
D4LensPINN,3,36,1,flip_h_r180,H16_after_gap,5.285238265991211,-0.5198612213134766,-3.4515600204467773,3.9686548709869385,False
D4LensPINN,3,36,1,flip_h_r180,H17_pre_linear,5.285238265991211,-0.5198612213134766,-3.4515600204467773,3.9686548709869385,False
D4LensPINN,3,36,1,flip_h_r270,H00_preprocess,2.049888849258423,-0.5697746276855469,-1.1356897354125977,1.608604907989502,False
D4LensPINN,3,36,1,flip_h_r270,H01_enc1,2.049888849258423,-0.5697746276855469,-1.1356897354125977,1.608604907989502,False
D4LensPINN,3,36,1,flip_h_r270,H02_enc2,3.036289930343628,-0.4202141761779785,-1.8958077430725098,2.3341784477233887,False
D4LensPINN,3,36,1,flip_h_r270,H03_enc3,2.4850409030914307,-0.008960247039794922,-1.6832499504089355,1.8281185626983643,False
D4LensPINN,3,36,1,flip_h_r270,H04_bot,1.9863663911819458,0.14465951919555664,-1.3717536926269531,1.4293413162231445,False
D4LensPINN,3,36,1,flip_h_r270,H08_kappa_out,2.049888849258423,-0.5697746276855469,-1.1356897354125977,1.608604907989502,False
D4LensPINN,3,36,1,flip_h_r270,H09_poisson,0.5827754139900208,-0.009704113006591797,-0.38718509674072266,0.4354546070098877,False
D4LensPINN,3,36,1,flip_h_r270,H10_deflection,0.5827754139900208,-0.009704113006591797,-0.38718509674072266,0.4354546070098877,False
D4LensPINN,3,36,1,flip_h_r270,H11_inv_lens,22.275650024414062,-4.580731391906738,-14.412040710449219,16.355873107910156,False
D4LensPINN,3,36,1,flip_h_r270,H12_HANDOFF,8.434711456298828,0.09169864654541016,-5.84229850769043,6.083049774169922,False
D4LensPINN,3,36,1,flip_h_r270,H12b_input_proj,8.434711456298828,0.09169864654541016,-5.84229850769043,6.083049774169922,False
D4LensPINN,3,36,1,flip_h_r270,H13_eff3,8.434711456298828,0.09169864654541016,-5.84229850769043,6.083049774169922,False
D4LensPINN,3,36,1,flip_h_r270,H13b_eff4,8.434711456298828,0.09169864654541016,-5.84229850769043,6.083049774169922,False
D4LensPINN,3,36,1,flip_h_r270,H14_eff5,8.434711456298828,0.09169864654541016,-5.84229850769043,6.083049774169922,False
D4LensPINN,3,36,1,flip_h_r270,H14b_eff6,8.434711456298828,0.09169864654541016,-5.84229850769043,6.083049774169922,False
D4LensPINN,3,36,1,flip_h_r270,H15_before_gap,8.434711456298828,0.09169864654541016,-5.84229850769043,6.083049774169922,False
D4LensPINN,3,36,1,flip_h_r270,H16_after_gap,8.434711456298828,0.09169864654541016,-5.84229850769043,6.083049774169922,False
D4LensPINN,3,36,1,flip_h_r270,H17_pre_linear,8.434711456298828,0.09169864654541016,-5.84229850769043,6.083049774169922,False
D4LensPINN,4,49,0,e,H00_preprocess,0.0,0.0,0.0,0.0,False
D4LensPINN,4,49,0,e,H01_enc1,0.0,0.0,0.0,0.0,False
D4LensPINN,4,49,0,e,H02_enc2,0.0,0.0,0.0,0.0,False
D4LensPINN,4,49,0,e,H03_enc3,0.0,0.0,0.0,0.0,False
D4LensPINN,4,49,0,e,H04_bot,0.0,0.0,0.0,0.0,False
D4LensPINN,4,49,0,e,H08_kappa_out,0.0,0.0,0.0,0.0,False
D4LensPINN,4,49,0,e,H09_poisson,0.0,0.0,0.0,0.0,False
D4LensPINN,4,49,0,e,H10_deflection,0.0,0.0,0.0,0.0,False
D4LensPINN,4,49,0,e,H11_inv_lens,0.0,0.0,0.0,0.0,False
D4LensPINN,4,49,0,e,H12_HANDOFF,0.0,0.0,0.0,0.0,False
D4LensPINN,4,49,0,e,H12b_input_proj,0.0,0.0,0.0,0.0,False
D4LensPINN,4,49,0,e,H13_eff3,0.0,0.0,0.0,0.0,False
D4LensPINN,4,49,0,e,H13b_eff4,0.0,0.0,0.0,0.0,False
D4LensPINN,4,49,0,e,H14_eff5,0.0,0.0,0.0,0.0,False
D4LensPINN,4,49,0,e,H14b_eff6,0.0,0.0,0.0,0.0,False
D4LensPINN,4,49,0,e,H15_before_gap,0.0,0.0,0.0,0.0,False
D4LensPINN,4,49,0,e,H16_after_gap,0.0,0.0,0.0,0.0,False
D4LensPINN,4,49,0,e,H17_pre_linear,0.0,0.0,0.0,0.0,False
D4LensPINN,4,49,0,r90,H00_preprocess,6.5779032707214355,-5.972076416015625,1.5996195077896118,2.2459607124328613,False
D4LensPINN,4,49,0,r90,H01_enc1,6.5779032707214355,-5.972076416015625,1.5996195077896118,2.2459607124328613,False
D4LensPINN,4,49,0,r90,H02_enc2,3.821662664413452,-3.3167946338653564,0.8283416032791138,1.7081657648086548,False
D4LensPINN,4,49,0,r90,H03_enc3,10.546631813049316,-8.755802154541016,-0.45884421467781067,5.8614702224731445,False
D4LensPINN,4,49,0,r90,H04_bot,9.461732864379883,-8.062386512756348,0.14005887508392334,4.950019836425781,False
D4LensPINN,4,49,0,r90,H08_kappa_out,6.5779032707214355,-5.972076416015625,1.5996195077896118,2.2459607124328613,False
D4LensPINN,4,49,0,r90,H09_poisson,0.5128622055053711,-0.1773698329925537,-0.19268691539764404,0.44095277786254883,False
D4LensPINN,4,49,0,r90,H10_deflection,0.5128622055053711,-0.1773698329925537,-0.19268691539764404,0.44095277786254883,False
D4LensPINN,4,49,0,r90,H11_inv_lens,26.780263900756836,-17.825645446777344,-9.034843444824219,17.82695960998535,False
D4LensPINN,4,49,0,r90,H12_HANDOFF,6.475609302520752,-4.630959510803223,-0.9728378057479858,4.420556545257568,False
D4LensPINN,4,49,0,r90,H12b_input_proj,6.475609302520752,-4.630959510803223,-0.9728378057479858,4.420556545257568,False
D4LensPINN,4,49,0,r90,H13_eff3,6.475609302520752,-4.630959510803223,-0.9728378057479858,4.420556545257568,False
D4LensPINN,4,49,0,r90,H13b_eff4,6.475609302520752,-4.630959510803223,-0.9728378057479858,4.420556545257568,False
D4LensPINN,4,49,0,r90,H14_eff5,6.475609302520752,-4.630959510803223,-0.9728378057479858,4.420556545257568,False
D4LensPINN,4,49,0,r90,H14b_eff6,6.475609302520752,-4.630959510803223,-0.9728378057479858,4.420556545257568,False
D4LensPINN,4,49,0,r90,H15_before_gap,6.475609302520752,-4.630959510803223,-0.9728378057479858,4.420556545257568,False
D4LensPINN,4,49,0,r90,H16_after_gap,6.475609302520752,-4.630959510803223,-0.9728378057479858,4.420556545257568,False
D4LensPINN,4,49,0,r90,H17_pre_linear,6.475609302520752,-4.630959510803223,-0.9728378057479858,4.420556545257568,False
D4LensPINN,4,49,0,r180,H00_preprocess,6.2063398361206055,-4.368106365203857,-1.0518876314163208,4.281569004058838,False
D4LensPINN,4,49,0,r180,H01_enc1,6.2063398361206055,-4.368106365203857,-1.0518876314163208,4.281569004058838,False
D4LensPINN,4,49,0,r180,H02_enc2,4.632833957672119,-2.7562062740325928,-1.127687692642212,3.548915147781372,False
D4LensPINN,4,49,0,r180,H03_enc3,0.467786580324173,-0.28187108039855957,-0.009890209883451462,0.3731958866119385,False
D4LensPINN,4,49,0,r180,H04_bot,0.3951561152935028,-0.25157904624938965,0.01766090840101242,0.3042111396789551,False
D4LensPINN,4,49,0,r180,H08_kappa_out,6.2063398361206055,-4.368106365203857,-1.0518876314163208,4.281569004058838,False
D4LensPINN,4,49,0,r180,H09_poisson,0.44873863458633423,0.22521638870239258,-0.3668026030063629,0.12688493728637695,False
D4LensPINN,4,49,0,r180,H10_deflection,0.44873863458633423,0.22521638870239258,-0.3668026030063629,0.12688493728637695,False
D4LensPINN,4,49,0,r180,H11_inv_lens,22.73249626159668,-15.374602317810059,-7.5404767990112305,14.950894355773926,False
D4LensPINN,4,49,0,r180,H12_HANDOFF,2.9378607273101807,-2.342373847961426,0.4033401608467102,1.7267385721206665,False
D4LensPINN,4,49,0,r180,H12b_input_proj,2.9378607273101807,-2.342373847961426,0.4033401608467102,1.7267385721206665,False
D4LensPINN,4,49,0,r180,H13_eff3,2.9378607273101807,-2.342373847961426,0.4033401608467102,1.7267385721206665,False
D4LensPINN,4,49,0,r180,H13b_eff4,2.9378607273101807,-2.342373847961426,0.4033401608467102,1.7267385721206665,False
D4LensPINN,4,49,0,r180,H14_eff5,2.9378607273101807,-2.342373847961426,0.4033401608467102,1.7267385721206665,False
D4LensPINN,4,49,0,r180,H14b_eff6,2.9378607273101807,-2.342373847961426,0.4033401608467102,1.7267385721206665,False
D4LensPINN,4,49,0,r180,H15_before_gap,2.9378607273101807,-2.342373847961426,0.4033401608467102,1.7267385721206665,False
D4LensPINN,4,49,0,r180,H16_after_gap,2.9378607273101807,-2.342373847961426,0.4033401608467102,1.7267385721206665,False
D4LensPINN,4,49,0,r180,H17_pre_linear,2.9378607273101807,-2.342373847961426,0.4033401608467102,1.7267385721206665,False
D4LensPINN,4,49,0,r270,H00_preprocess,8.407632827758789,-7.147304534912109,0.03579304739832878,4.427533149719238,False
D4LensPINN,4,49,0,r270,H01_enc1,8.407632827758789,-7.147304534912109,0.03579304739832878,4.427533149719238,False
D4LensPINN,4,49,0,r270,H02_enc2,7.756232738494873,-6.529664039611816,-0.01457546278834343,4.185978889465332,False
D4LensPINN,4,49,0,r270,H03_enc3,9.24962329864502,-7.413315773010254,-0.6906678080558777,5.488284111022949,False
D4LensPINN,4,49,0,r270,H04_bot,8.235367774963379,-6.84967565536499,-0.03614101558923721,4.571861743927002,False
D4LensPINN,4,49,0,r270,H08_kappa_out,8.407632827758789,-7.147304534912109,0.03579304739832878,4.427533149719238,False
D4LensPINN,4,49,0,r270,H09_poisson,0.6131784915924072,-0.37633252143859863,-0.015522334724664688,0.4838602542877197,False
D4LensPINN,4,49,0,r270,H10_deflection,0.6131784915924072,-0.37633252143859863,-0.015522334724664688,0.4838602542877197,False
D4LensPINN,4,49,0,r270,H11_inv_lens,14.430354118347168,-9.590550422668457,-4.301142692565918,9.887194633483887,False
D4LensPINN,4,49,0,r270,H12_HANDOFF,8.22773551940918,-5.610923767089844,-1.9139792919158936,5.705247402191162,False
D4LensPINN,4,49,0,r270,H12b_input_proj,8.22773551940918,-5.610923767089844,-1.9139792919158936,5.705247402191162,False
D4LensPINN,4,49,0,r270,H13_eff3,8.22773551940918,-5.610923767089844,-1.9139792919158936,5.705247402191162,False
D4LensPINN,4,49,0,r270,H13b_eff4,8.22773551940918,-5.610923767089844,-1.9139792919158936,5.705247402191162,False
D4LensPINN,4,49,0,r270,H14_eff5,8.22773551940918,-5.610923767089844,-1.9139792919158936,5.705247402191162,False
D4LensPINN,4,49,0,r270,H14b_eff6,8.22773551940918,-5.610923767089844,-1.9139792919158936,5.705247402191162,False
D4LensPINN,4,49,0,r270,H15_before_gap,8.22773551940918,-5.610923767089844,-1.9139792919158936,5.705247402191162,False
D4LensPINN,4,49,0,r270,H16_after_gap,8.22773551940918,-5.610923767089844,-1.9139792919158936,5.705247402191162,False
D4LensPINN,4,49,0,r270,H17_pre_linear,8.22773551940918,-5.610923767089844,-1.9139792919158936,5.705247402191162,False
D4LensPINN,4,49,0,flip_h,H00_preprocess,0.9075226783752441,-0.6291506290435791,0.6351274251937866,-0.1561412811279297,False
D4LensPINN,4,49,0,flip_h,H01_enc1,0.9075226783752441,-0.6291506290435791,0.6351274251937866,-0.1561412811279297,False
D4LensPINN,4,49,0,flip_h,H02_enc2,3.4525749683380127,-2.7706093788146973,0.3051449954509735,2.03737211227417,False
D4LensPINN,4,49,0,flip_h,H03_enc3,1.6364995241165161,-1.2259228229522705,0.2856638729572296,1.0457724332809448,False
D4LensPINN,4,49,0,flip_h,H04_bot,1.3837602138519287,-1.0326478481292725,0.26060810685157776,0.8834670782089233,False
D4LensPINN,4,49,0,flip_h,H08_kappa_out,0.9075226783752441,-0.6291506290435791,0.6351274251937866,-0.1561412811279297,False
D4LensPINN,4,49,0,flip_h,H09_poisson,0.4947875738143921,0.26793599128723145,-0.4004274308681488,0.11261844635009766,False
D4LensPINN,4,49,0,flip_h,H10_deflection,0.4947875738143921,0.26793599128723145,-0.4004274308681488,0.11261844635009766,False
D4LensPINN,4,49,0,flip_h,H11_inv_lens,12.164851188659668,-8.178582191467285,-3.692737340927124,8.213288307189941,False
D4LensPINN,4,49,0,flip_h,H12_HANDOFF,2.0748581886291504,-1.3244738578796387,-0.05801188200712204,1.5960701704025269,False
D4LensPINN,4,49,0,flip_h,H12b_input_proj,2.0748581886291504,-1.3244738578796387,-0.05801188200712204,1.5960701704025269,False
D4LensPINN,4,49,0,flip_h,H13_eff3,2.0748581886291504,-1.3244738578796387,-0.05801188200712204,1.5960701704025269,False
D4LensPINN,4,49,0,flip_h,H13b_eff4,2.0748581886291504,-1.3244738578796387,-0.05801188200712204,1.5960701704025269,False
D4LensPINN,4,49,0,flip_h,H14_eff5,2.0748581886291504,-1.3244738578796387,-0.05801188200712204,1.5960701704025269,False
D4LensPINN,4,49,0,flip_h,H14b_eff6,2.0748581886291504,-1.3244738578796387,-0.05801188200712204,1.5960701704025269,False
D4LensPINN,4,49,0,flip_h,H15_before_gap,2.0748581886291504,-1.3244738578796387,-0.05801188200712204,1.5960701704025269,False
D4LensPINN,4,49,0,flip_h,H16_after_gap,2.0748581886291504,-1.3244738578796387,-0.05801188200712204,1.5960701704025269,False
D4LensPINN,4,49,0,flip_h,H17_pre_linear,2.0748581886291504,-1.3244738578796387,-0.05801188200712204,1.5960701704025269,False
D4LensPINN,4,49,0,flip_h_r90,H00_preprocess,5.8299150466918945,-5.185446739196777,1.1342318058013916,2.4109268188476562,False
D4LensPINN,4,49,0,flip_h_r90,H01_enc1,5.8299150466918945,-5.185446739196777,1.1342318058013916,2.4109268188476562,False
D4LensPINN,4,49,0,flip_h_r90,H02_enc2,3.9512038230895996,-3.3880298137664795,0.7297520637512207,1.8975579738616943,False
D4LensPINN,4,49,0,flip_h_r90,H03_enc3,7.836220741271973,-6.761088848114014,0.5553404092788696,3.922452211380005,False
D4LensPINN,4,49,0,flip_h_r90,H04_bot,7.245084285736084,-6.1592116355896,0.35307547450065613,3.7987756729125977,False
D4LensPINN,4,49,0,flip_h_r90,H08_kappa_out,5.8299150466918945,-5.185446739196777,1.1342318058013916,2.4109268188476562,False
D4LensPINN,4,49,0,flip_h_r90,H09_poisson,0.45975422859191895,-0.23779916763305664,-0.0690484344959259,0.3873729705810547,False
D4LensPINN,4,49,0,flip_h_r90,H10_deflection,0.45975422859191895,-0.23779916763305664,-0.0690484344959259,0.3873729705810547,False
D4LensPINN,4,49,0,flip_h_r90,H11_inv_lens,17.67388153076172,-11.835542678833008,-5.484454154968262,11.925048828125,False
D4LensPINN,4,49,0,flip_h_r90,H12_HANDOFF,7.344856262207031,-5.173449516296387,-1.3208280801773071,5.043584823608398,False
D4LensPINN,4,49,0,flip_h_r90,H12b_input_proj,7.344856262207031,-5.173449516296387,-1.3208280801773071,5.043584823608398,False
D4LensPINN,4,49,0,flip_h_r90,H13_eff3,7.344856262207031,-5.173449516296387,-1.3208280801773071,5.043584823608398,False
D4LensPINN,4,49,0,flip_h_r90,H13b_eff4,7.344856262207031,-5.173449516296387,-1.3208280801773071,5.043584823608398,False
D4LensPINN,4,49,0,flip_h_r90,H14_eff5,7.344856262207031,-5.173449516296387,-1.3208280801773071,5.043584823608398,False
D4LensPINN,4,49,0,flip_h_r90,H14b_eff6,7.344856262207031,-5.173449516296387,-1.3208280801773071,5.043584823608398,False
D4LensPINN,4,49,0,flip_h_r90,H15_before_gap,7.344856262207031,-5.173449516296387,-1.3208280801773071,5.043584823608398,False
D4LensPINN,4,49,0,flip_h_r90,H16_after_gap,7.344856262207031,-5.173449516296387,-1.3208280801773071,5.043584823608398,False
D4LensPINN,4,49,0,flip_h_r90,H17_pre_linear,7.344856262207031,-5.173449516296387,-1.3208280801773071,5.043584823608398,False
D4LensPINN,4,49,0,flip_h_r180,H00_preprocess,1.603462815284729,-1.3398380279541016,0.6758427619934082,0.5649459362030029,False
D4LensPINN,4,49,0,flip_h_r180,H01_enc1,1.603462815284729,-1.3398380279541016,0.6758427619934082,0.5649459362030029,False
D4LensPINN,4,49,0,flip_h_r180,H02_enc2,0.3022800087928772,-0.2386326789855957,0.1419171243906021,0.11952900886535645,False
D4LensPINN,4,49,0,flip_h_r180,H03_enc3,0.02755747176706791,0.020010709762573242,-0.004184290766716003,-0.018479108810424805,False
D4LensPINN,4,49,0,flip_h_r180,H04_bot,0.027240274474024773,-0.0004951953887939453,0.018678337335586548,-0.019821882247924805,False
D4LensPINN,4,49,0,flip_h_r180,H08_kappa_out,1.603462815284729,-1.3398380279541016,0.6758427619934082,0.5649459362030029,False
D4LensPINN,4,49,0,flip_h_r180,H09_poisson,0.46660393476486206,-0.3503086566925049,0.14876499772071838,0.26994824409484863,False
D4LensPINN,4,49,0,flip_h_r180,H10_deflection,0.46660393476486206,-0.3503086566925049,0.14876499772071838,0.26994824409484863,False
D4LensPINN,4,49,0,flip_h_r180,H11_inv_lens,25.259225845336914,-16.45128631591797,-8.526890754699707,17.16612434387207,False
D4LensPINN,4,49,0,flip_h_r180,H12_HANDOFF,0.8134556412696838,-0.5565435886383057,-0.00404633954167366,0.5932562351226807,False
D4LensPINN,4,49,0,flip_h_r180,H12b_input_proj,0.8134556412696838,-0.5565435886383057,-0.00404633954167366,0.5932562351226807,False
D4LensPINN,4,49,0,flip_h_r180,H13_eff3,0.8134556412696838,-0.5565435886383057,-0.00404633954167366,0.5932562351226807,False
D4LensPINN,4,49,0,flip_h_r180,H13b_eff4,0.8134556412696838,-0.5565435886383057,-0.00404633954167366,0.5932562351226807,False
D4LensPINN,4,49,0,flip_h_r180,H14_eff5,0.8134556412696838,-0.5565435886383057,-0.00404633954167366,0.5932562351226807,False
D4LensPINN,4,49,0,flip_h_r180,H14b_eff6,0.8134556412696838,-0.5565435886383057,-0.00404633954167366,0.5932562351226807,False
D4LensPINN,4,49,0,flip_h_r180,H15_before_gap,0.8134556412696838,-0.5565435886383057,-0.00404633954167366,0.5932562351226807,False
D4LensPINN,4,49,0,flip_h_r180,H16_after_gap,0.8134556412696838,-0.5565435886383057,-0.00404633954167366,0.5932562351226807,False
D4LensPINN,4,49,0,flip_h_r180,H17_pre_linear,0.8134556412696838,-0.5565435886383057,-0.00404633954167366,0.5932562351226807,False
D4LensPINN,4,49,0,flip_h_r270,H00_preprocess,5.893274784088135,-5.325808525085449,1.967268943786621,1.5799692869186401,False
D4LensPINN,4,49,0,flip_h_r270,H01_enc1,5.893274784088135,-5.325808525085449,1.967268943786621,1.5799692869186401,False
D4LensPINN,4,49,0,flip_h_r270,H02_enc2,3.8704099655151367,-3.0542571544647217,0.03868946060538292,2.3769917488098145,False
D4LensPINN,4,49,0,flip_h_r270,H03_enc3,8.953605651855469,-7.692461967468262,0.3253667652606964,4.570254802703857,False
D4LensPINN,4,49,0,flip_h_r270,H04_bot,7.86795711517334,-6.838926315307617,0.6389954090118408,3.8373847007751465,False
D4LensPINN,4,49,0,flip_h_r270,H08_kappa_out,5.893274784088135,-5.325808525085449,1.967268943786621,1.5799692869186401,False
D4LensPINN,4,49,0,flip_h_r270,H09_poisson,0.6279348134994507,-0.26059842109680176,-0.1865743100643158,0.5399820804595947,False
D4LensPINN,4,49,0,flip_h_r270,H10_deflection,0.6279348134994507,-0.26059842109680176,-0.1865743100643158,0.5399820804595947,False
D4LensPINN,4,49,0,flip_h_r270,H11_inv_lens,39.68648910522461,-26.566810607910156,-13.743473052978516,26.083309173583984,False
D4LensPINN,4,49,0,flip_h_r270,H12_HANDOFF,9.675987243652344,-6.54721736907959,-2.3883121013641357,6.712275505065918,False
D4LensPINN,4,49,0,flip_h_r270,H12b_input_proj,9.675987243652344,-6.54721736907959,-2.3883121013641357,6.712275505065918,False
D4LensPINN,4,49,0,flip_h_r270,H13_eff3,9.675987243652344,-6.54721736907959,-2.3883121013641357,6.712275505065918,False
D4LensPINN,4,49,0,flip_h_r270,H13b_eff4,9.675987243652344,-6.54721736907959,-2.3883121013641357,6.712275505065918,False
D4LensPINN,4,49,0,flip_h_r270,H14_eff5,9.675987243652344,-6.54721736907959,-2.3883121013641357,6.712275505065918,False
D4LensPINN,4,49,0,flip_h_r270,H14b_eff6,9.675987243652344,-6.54721736907959,-2.3883121013641357,6.712275505065918,False
D4LensPINN,4,49,0,flip_h_r270,H15_before_gap,9.675987243652344,-6.54721736907959,-2.3883121013641357,6.712275505065918,False
D4LensPINN,4,49,0,flip_h_r270,H16_after_gap,9.675987243652344,-6.54721736907959,-2.3883121013641357,6.712275505065918,False
D4LensPINN,4,49,0,flip_h_r270,H17_pre_linear,9.675987243652344,-6.54721736907959,-2.3883121013641357,6.712275505065918,False
D4LensPINN,5,62,0,e,H00_preprocess,0.0,0.0,0.0,0.0,False
D4LensPINN,5,62,0,e,H01_enc1,0.0,0.0,0.0,0.0,False
D4LensPINN,5,62,0,e,H02_enc2,0.0,0.0,0.0,0.0,False
D4LensPINN,5,62,0,e,H03_enc3,0.0,0.0,0.0,0.0,False
D4LensPINN,5,62,0,e,H04_bot,0.0,0.0,0.0,0.0,False
D4LensPINN,5,62,0,e,H08_kappa_out,0.0,0.0,0.0,0.0,False
D4LensPINN,5,62,0,e,H09_poisson,0.0,0.0,0.0,0.0,False
D4LensPINN,5,62,0,e,H10_deflection,0.0,0.0,0.0,0.0,False
D4LensPINN,5,62,0,e,H11_inv_lens,0.0,0.0,0.0,0.0,False
D4LensPINN,5,62,0,e,H12_HANDOFF,0.0,0.0,0.0,0.0,False
D4LensPINN,5,62,0,e,H12b_input_proj,0.0,0.0,0.0,0.0,False
D4LensPINN,5,62,0,e,H13_eff3,0.0,0.0,0.0,0.0,False
D4LensPINN,5,62,0,e,H13b_eff4,0.0,0.0,0.0,0.0,False
D4LensPINN,5,62,0,e,H14_eff5,0.0,0.0,0.0,0.0,False
D4LensPINN,5,62,0,e,H14b_eff6,0.0,0.0,0.0,0.0,False
D4LensPINN,5,62,0,e,H15_before_gap,0.0,0.0,0.0,0.0,False
D4LensPINN,5,62,0,e,H16_after_gap,0.0,0.0,0.0,0.0,False
D4LensPINN,5,62,0,e,H17_pre_linear,0.0,0.0,0.0,0.0,False
D4LensPINN,5,62,0,r90,H00_preprocess,4.4688334465026855,-3.496676445007324,0.12979114055633545,2.779726982116699,False
D4LensPINN,5,62,0,r90,H01_enc1,4.4688334465026855,-3.496676445007324,0.12979114055633545,2.779726982116699,False
D4LensPINN,5,62,0,r90,H02_enc2,3.2175416946411133,-2.271148920059204,-0.016201496124267578,2.2790777683258057,False
D4LensPINN,5,62,0,r90,H03_enc3,0.9863507151603699,-0.7474031448364258,0.27246910333633423,0.5831267833709717,False
D4LensPINN,5,62,0,r90,H04_bot,0.798072338104248,-0.5409038066864014,0.074817955493927,0.5820178985595703,False
D4LensPINN,5,62,0,r90,H08_kappa_out,4.4688334465026855,-3.496676445007324,0.12979114055633545,2.779726982116699,False
D4LensPINN,5,62,0,r90,H09_poisson,0.38419678807258606,-0.1185460090637207,0.30208539962768555,-0.20566582679748535,False
D4LensPINN,5,62,0,r90,H10_deflection,0.38419678807258606,-0.1185460090637207,0.30208539962768555,-0.20566582679748535,False
D4LensPINN,5,62,0,r90,H11_inv_lens,7.651435375213623,-5.027627468109131,-1.9493329524993896,5.428400039672852,False
D4LensPINN,5,62,0,r90,H12_HANDOFF,6.41938591003418,-5.022694110870361,-0.2833594083786011,3.987576484680176,False
D4LensPINN,5,62,0,r90,H12b_input_proj,6.41938591003418,-5.022694110870361,-0.2833594083786011,3.987576484680176,False
D4LensPINN,5,62,0,r90,H13_eff3,6.41938591003418,-5.022694110870361,-0.2833594083786011,3.987576484680176,False
D4LensPINN,5,62,0,r90,H13b_eff4,6.41938591003418,-5.022694110870361,-0.2833594083786011,3.987576484680176,False
D4LensPINN,5,62,0,r90,H14_eff5,6.41938591003418,-5.022694110870361,-0.2833594083786011,3.987576484680176,False
D4LensPINN,5,62,0,r90,H14b_eff6,6.41938591003418,-5.022694110870361,-0.2833594083786011,3.987576484680176,False
D4LensPINN,5,62,0,r90,H15_before_gap,6.41938591003418,-5.022694110870361,-0.2833594083786011,3.987576484680176,False
D4LensPINN,5,62,0,r90,H16_after_gap,6.41938591003418,-5.022694110870361,-0.2833594083786011,3.987576484680176,False
D4LensPINN,5,62,0,r90,H17_pre_linear,6.41938591003418,-5.022694110870361,-0.2833594083786011,3.987576484680176,False
D4LensPINN,5,62,0,r180,H00_preprocess,7.426117420196533,-6.469927787780762,0.7513169050216675,3.5668997764587402,False
D4LensPINN,5,62,0,r180,H01_enc1,7.426117420196533,-6.469927787780762,0.7513169050216675,3.5668997764587402,False
D4LensPINN,5,62,0,r180,H02_enc2,1.7991392612457275,-1.3514974117279053,0.4051072895526886,1.1163533926010132,False
D4LensPINN,5,62,0,r180,H03_enc3,0.3636634945869446,-0.155409574508667,0.2936444878578186,-0.14789152145385742,False
D4LensPINN,5,62,0,r180,H04_bot,0.23294569551944733,-0.07228517532348633,0.18478292226791382,-0.1220402717590332,False
D4LensPINN,5,62,0,r180,H08_kappa_out,7.426117420196533,-6.469927787780762,0.7513169050216675,3.5668997764587402,False
D4LensPINN,5,62,0,r180,H09_poisson,0.21427880227565765,0.0863656997680664,0.07748359441757202,-0.1801462173461914,False
D4LensPINN,5,62,0,r180,H10_deflection,0.21427880227565765,0.0863656997680664,0.07748359441757202,-0.1801462173461914,False
D4LensPINN,5,62,0,r180,H11_inv_lens,37.09430694580078,-26.112323760986328,-11.720077514648438,23.596057891845703,False
D4LensPINN,5,62,0,r180,H12_HANDOFF,1.5870885848999023,-1.0516457557678223,0.12966609001159668,1.1815574169158936,False
D4LensPINN,5,62,0,r180,H12b_input_proj,1.5870885848999023,-1.0516457557678223,0.12966609001159668,1.1815574169158936,False
D4LensPINN,5,62,0,r180,H13_eff3,1.5870885848999023,-1.0516457557678223,0.12966609001159668,1.1815574169158936,False
D4LensPINN,5,62,0,r180,H13b_eff4,1.5870885848999023,-1.0516457557678223,0.12966609001159668,1.1815574169158936,False
D4LensPINN,5,62,0,r180,H14_eff5,1.5870885848999023,-1.0516457557678223,0.12966609001159668,1.1815574169158936,False
D4LensPINN,5,62,0,r180,H14b_eff6,1.5870885848999023,-1.0516457557678223,0.12966609001159668,1.1815574169158936,False
D4LensPINN,5,62,0,r180,H15_before_gap,1.5870885848999023,-1.0516457557678223,0.12966609001159668,1.1815574169158936,False
D4LensPINN,5,62,0,r180,H16_after_gap,1.5870885848999023,-1.0516457557678223,0.12966609001159668,1.1815574169158936,False
D4LensPINN,5,62,0,r180,H17_pre_linear,1.5870885848999023,-1.0516457557678223,0.12966609001159668,1.1815574169158936,False
D4LensPINN,5,62,0,r270,H00_preprocess,3.431224822998047,-2.9586920738220215,1.128530502319336,1.3213112354278564,False
D4LensPINN,5,62,0,r270,H01_enc1,3.431224822998047,-2.9586920738220215,1.128530502319336,1.3213112354278564,False
D4LensPINN,5,62,0,r270,H02_enc2,2.624556064605713,-2.1961841583251953,1.0252387523651123,1.006953239440918,False
D4LensPINN,5,62,0,r270,H03_enc3,0.5823149085044861,-0.43213748931884766,0.19341200590133667,0.3390275239944458,False
D4LensPINN,5,62,0,r270,H04_bot,0.6919669508934021,-0.47173285484313965,0.0963996946811676,0.4969843626022339,False
D4LensPINN,5,62,0,r270,H08_kappa_out,3.431224822998047,-2.9586920738220215,1.128530502319336,1.3213112354278564,False
D4LensPINN,5,62,0,r270,H09_poisson,0.38810887932777405,-0.1233365535736084,0.30510959029197693,-0.20572972297668457,False
D4LensPINN,5,62,0,r270,H10_deflection,0.38810887932777405,-0.1233365535736084,0.30510959029197693,-0.20572972297668457,False
D4LensPINN,5,62,0,r270,H11_inv_lens,8.923715591430664,-6.775395393371582,-1.145707607269287,5.69333553314209,False
D4LensPINN,5,62,0,r270,H12_HANDOFF,4.896928787231445,-3.6070902347564697,-0.24971312284469604,3.3024919033050537,False
D4LensPINN,5,62,0,r270,H12b_input_proj,4.896928787231445,-3.6070902347564697,-0.24971312284469604,3.3024919033050537,False
D4LensPINN,5,62,0,r270,H13_eff3,4.896928787231445,-3.6070902347564697,-0.24971312284469604,3.3024919033050537,False
D4LensPINN,5,62,0,r270,H13b_eff4,4.896928787231445,-3.6070902347564697,-0.24971312284469604,3.3024919033050537,False
D4LensPINN,5,62,0,r270,H14_eff5,4.896928787231445,-3.6070902347564697,-0.24971312284469604,3.3024919033050537,False
D4LensPINN,5,62,0,r270,H14b_eff6,4.896928787231445,-3.6070902347564697,-0.24971312284469604,3.3024919033050537,False
D4LensPINN,5,62,0,r270,H15_before_gap,4.896928787231445,-3.6070902347564697,-0.24971312284469604,3.3024919033050537,False
D4LensPINN,5,62,0,r270,H16_after_gap,4.896928787231445,-3.6070902347564697,-0.24971312284469604,3.3024919033050537,False
D4LensPINN,5,62,0,r270,H17_pre_linear,4.896928787231445,-3.6070902347564697,-0.24971312284469604,3.3024919033050537,False
D4LensPINN,5,62,0,flip_h,H00_preprocess,0.5458911061286926,0.17334914207458496,-0.45500487089157104,0.24681520462036133,False
D4LensPINN,5,62,0,flip_h,H01_enc1,0.5458911061286926,0.17334914207458496,-0.45500487089157104,0.24681520462036133,False
D4LensPINN,5,62,0,flip_h,H02_enc2,0.5517638921737671,0.15978026390075684,-0.45553189516067505,0.2672159671783447,False
D4LensPINN,5,62,0,flip_h,H03_enc3,0.2920576333999634,-0.22388339042663574,0.17599862813949585,0.06479477882385254,False
D4LensPINN,5,62,0,flip_h,H04_bot,0.30106091499328613,-0.23421883583068848,0.17014169692993164,0.08264994621276855,False
D4LensPINN,5,62,0,flip_h,H08_kappa_out,0.5458911061286926,0.17334914207458496,-0.45500487089157104,0.24681520462036133,False
D4LensPINN,5,62,0,flip_h,H09_poisson,0.0754229724407196,0.04053783416748047,0.008766651153564453,-0.06299567222595215,False
D4LensPINN,5,62,0,flip_h,H10_deflection,0.0754229724407196,0.04053783416748047,0.008766651153564453,-0.06299567222595215,False
D4LensPINN,5,62,0,flip_h,H11_inv_lens,8.764839172363281,-6.338099002838135,-1.6743755340576172,5.817850112915039,False
D4LensPINN,5,62,0,flip_h,H12_HANDOFF,1.9684957265853882,-1.2102868556976318,-0.03901362419128418,1.551985502243042,False
D4LensPINN,5,62,0,flip_h,H12b_input_proj,1.9684957265853882,-1.2102868556976318,-0.03901362419128418,1.551985502243042,False
D4LensPINN,5,62,0,flip_h,H13_eff3,1.9684957265853882,-1.2102868556976318,-0.03901362419128418,1.551985502243042,False
D4LensPINN,5,62,0,flip_h,H13b_eff4,1.9684957265853882,-1.2102868556976318,-0.03901362419128418,1.551985502243042,False
D4LensPINN,5,62,0,flip_h,H14_eff5,1.9684957265853882,-1.2102868556976318,-0.03901362419128418,1.551985502243042,False
D4LensPINN,5,62,0,flip_h,H14b_eff6,1.9684957265853882,-1.2102868556976318,-0.03901362419128418,1.551985502243042,False
D4LensPINN,5,62,0,flip_h,H15_before_gap,1.9684957265853882,-1.2102868556976318,-0.03901362419128418,1.551985502243042,False
D4LensPINN,5,62,0,flip_h,H16_after_gap,1.9684957265853882,-1.2102868556976318,-0.03901362419128418,1.551985502243042,False
D4LensPINN,5,62,0,flip_h,H17_pre_linear,1.9684957265853882,-1.2102868556976318,-0.03901362419128418,1.551985502243042,False
D4LensPINN,5,62,0,flip_h_r90,H00_preprocess,3.718637228012085,-3.126032829284668,0.8157711029052734,1.8413851261138916,False
D4LensPINN,5,62,0,flip_h_r90,H01_enc1,3.718637228012085,-3.126032829284668,0.8157711029052734,1.8413851261138916,False
D4LensPINN,5,62,0,flip_h_r90,H02_enc2,2.547287940979004,-1.9268755912780762,0.35294488072395325,1.6282678842544556,False
D4LensPINN,5,62,0,flip_h_r90,H03_enc3,1.0728423595428467,-0.8099215030670166,0.3094363212585449,0.6318758726119995,False
D4LensPINN,5,62,0,flip_h_r90,H04_bot,0.8582232594490051,-0.629464864730835,0.2136783003807068,0.5428284406661987,False
D4LensPINN,5,62,0,flip_h_r90,H08_kappa_out,3.718637228012085,-3.126032829284668,0.8157711029052734,1.8413851261138916,False
D4LensPINN,5,62,0,flip_h_r90,H09_poisson,0.46387866139411926,-0.21459627151489258,0.37368863821029663,-0.1717226505279541,False
D4LensPINN,5,62,0,flip_h_r90,H10_deflection,0.46387866139411926,-0.21459627151489258,0.37368863821029663,-0.1717226505279541,False
D4LensPINN,5,62,0,flip_h_r90,H11_inv_lens,11.591865539550781,-7.80099630355835,-3.39213490486145,7.874593734741211,False
D4LensPINN,5,62,0,flip_h_r90,H12_HANDOFF,5.167947292327881,-3.945598840713501,-0.16995447874069214,3.3333230018615723,False
D4LensPINN,5,62,0,flip_h_r90,H12b_input_proj,5.167947292327881,-3.945598840713501,-0.16995447874069214,3.3333230018615723,False
D4LensPINN,5,62,0,flip_h_r90,H13_eff3,5.167947292327881,-3.945598840713501,-0.16995447874069214,3.3333230018615723,False
D4LensPINN,5,62,0,flip_h_r90,H13b_eff4,5.167947292327881,-3.945598840713501,-0.16995447874069214,3.3333230018615723,False
D4LensPINN,5,62,0,flip_h_r90,H14_eff5,5.167947292327881,-3.945598840713501,-0.16995447874069214,3.3333230018615723,False
D4LensPINN,5,62,0,flip_h_r90,H14b_eff6,5.167947292327881,-3.945598840713501,-0.16995447874069214,3.3333230018615723,False
D4LensPINN,5,62,0,flip_h_r90,H15_before_gap,5.167947292327881,-3.945598840713501,-0.16995447874069214,3.3333230018615723,False
D4LensPINN,5,62,0,flip_h_r90,H16_after_gap,5.167947292327881,-3.945598840713501,-0.16995447874069214,3.3333230018615723,False
D4LensPINN,5,62,0,flip_h_r90,H17_pre_linear,5.167947292327881,-3.945598840713501,-0.16995447874069214,3.3333230018615723,False
D4LensPINN,5,62,0,flip_h_r180,H00_preprocess,6.974711894989014,-6.090118408203125,0.8281601071357727,3.297152519226074,False
D4LensPINN,5,62,0,flip_h_r180,H01_enc1,6.974711894989014,-6.090118408203125,0.8281601071357727,3.297152519226074,False
D4LensPINN,5,62,0,flip_h_r180,H02_enc2,3.774102210998535,-3.228257179260254,0.8958499431610107,1.737715482711792,False
D4LensPINN,5,62,0,flip_h_r180,H03_enc3,0.3231690227985382,-0.2413177490234375,0.19034641981124878,0.09986090660095215,False
D4LensPINN,5,62,0,flip_h_r180,H04_bot,0.29715368151664734,-0.22677040100097656,0.1598048210144043,0.10647964477539062,False
D4LensPINN,5,62,0,flip_h_r180,H08_kappa_out,6.974711894989014,-6.090118408203125,0.8281601071357727,3.297152519226074,False
D4LensPINN,5,62,0,flip_h_r180,H09_poisson,0.23859569430351257,0.13595247268676758,0.03634488582611084,-0.19267559051513672,False
D4LensPINN,5,62,0,flip_h_r180,H10_deflection,0.23859569430351257,0.13595247268676758,0.03634488582611084,-0.19267559051513672,False
D4LensPINN,5,62,0,flip_h_r180,H11_inv_lens,32.198848724365234,-21.445758819580078,-10.992839813232422,21.35422134399414,False
D4LensPINN,5,62,0,flip_h_r180,H12_HANDOFF,1.652522325515747,-1.1597349643707275,0.2706905007362366,1.1456751823425293,False
D4LensPINN,5,62,0,flip_h_r180,H12b_input_proj,1.652522325515747,-1.1597349643707275,0.2706905007362366,1.1456751823425293,False
D4LensPINN,5,62,0,flip_h_r180,H13_eff3,1.652522325515747,-1.1597349643707275,0.2706905007362366,1.1456751823425293,False
D4LensPINN,5,62,0,flip_h_r180,H13b_eff4,1.652522325515747,-1.1597349643707275,0.2706905007362366,1.1456751823425293,False
D4LensPINN,5,62,0,flip_h_r180,H14_eff5,1.652522325515747,-1.1597349643707275,0.2706905007362366,1.1456751823425293,False
D4LensPINN,5,62,0,flip_h_r180,H14b_eff6,1.652522325515747,-1.1597349643707275,0.2706905007362366,1.1456751823425293,False
D4LensPINN,5,62,0,flip_h_r180,H15_before_gap,1.652522325515747,-1.1597349643707275,0.2706905007362366,1.1456751823425293,False
D4LensPINN,5,62,0,flip_h_r180,H16_after_gap,1.652522325515747,-1.1597349643707275,0.2706905007362366,1.1456751823425293,False
D4LensPINN,5,62,0,flip_h_r180,H17_pre_linear,1.652522325515747,-1.1597349643707275,0.2706905007362366,1.1456751823425293,False
D4LensPINN,5,62,0,flip_h_r270,H00_preprocess,2.8477470874786377,-2.4097423553466797,1.364391803741455,0.6642589569091797,False
D4LensPINN,5,62,0,flip_h_r270,H01_enc1,2.8477470874786377,-2.4097423553466797,1.364391803741455,0.6642589569091797,False
D4LensPINN,5,62,0,flip_h_r270,H02_enc2,2.025318145751953,-1.658551573753357,0.8176005482673645,0.826225996017456,False
D4LensPINN,5,62,0,flip_h_r270,H03_enc3,0.6230159997940063,-0.4678835868835449,0.321851909160614,0.25621330738067627,False
D4LensPINN,5,62,0,flip_h_r270,H04_bot,0.7382908463478088,-0.5260708332061768,0.17864453792572021,0.48621904850006104,False
D4LensPINN,5,62,0,flip_h_r270,H08_kappa_out,2.8477470874786377,-2.4097423553466797,1.364391803741455,0.6642589569091797,False
D4LensPINN,5,62,0,flip_h_r270,H09_poisson,0.38656505942344666,-0.1707305908203125,0.30964457988739014,-0.15621733665466309,False
D4LensPINN,5,62,0,flip_h_r270,H10_deflection,0.38656505942344666,-0.1707305908203125,0.30964457988739014,-0.15621733665466309,False
D4LensPINN,5,62,0,flip_h_r270,H11_inv_lens,10.206417083740234,-7.782474040985107,-1.50917649269104,6.428564071655273,False
D4LensPINN,5,62,0,flip_h_r270,H12_HANDOFF,3.8858189582824707,-2.6499009132385254,-0.2741411328315735,2.828862190246582,False
D4LensPINN,5,62,0,flip_h_r270,H12b_input_proj,3.8858189582824707,-2.6499009132385254,-0.2741411328315735,2.828862190246582,False
D4LensPINN,5,62,0,flip_h_r270,H13_eff3,3.8858189582824707,-2.6499009132385254,-0.2741411328315735,2.828862190246582,False
D4LensPINN,5,62,0,flip_h_r270,H13b_eff4,3.8858189582824707,-2.6499009132385254,-0.2741411328315735,2.828862190246582,False
D4LensPINN,5,62,0,flip_h_r270,H14_eff5,3.8858189582824707,-2.6499009132385254,-0.2741411328315735,2.828862190246582,False
D4LensPINN,5,62,0,flip_h_r270,H14b_eff6,3.8858189582824707,-2.6499009132385254,-0.2741411328315735,2.828862190246582,False
D4LensPINN,5,62,0,flip_h_r270,H15_before_gap,3.8858189582824707,-2.6499009132385254,-0.2741411328315735,2.828862190246582,False
D4LensPINN,5,62,0,flip_h_r270,H16_after_gap,3.8858189582824707,-2.6499009132385254,-0.2741411328315735,2.828862190246582,False
D4LensPINN,5,62,0,flip_h_r270,H17_pre_linear,3.8858189582824707,-2.6499009132385254,-0.2741411328315735,2.828862190246582,False
